瘤痢,瘤痢疙,老矫,乞闭扁柯(∑C),弥历扁柯(∑C),弥绊扁柯(∑C),老碍荐樊(mm),弥措 鉴埃 浅加(m/s),弥措 鉴埃 浅加 浅氢(16规困),弥措 浅加(m/s),弥措 浅加 浅氢(16规困),乞闭 浅加(m/s),浅沥钦(100m),弥促浅氢(16规困),乞闭 捞浇痢柯档(∑C),弥家 惑措嚼档(%),乞闭 惑措嚼档(%),乞闭 刘扁拘(hPa),乞闭 泅瘤扁拘(hPa),弥绊 秦搁扁拘(hPa),弥历 秦搁扁拘(hPa),乞闭 秦搁扁拘(hPa),啊炼矫埃(hr),乞闭 傈款樊(1/10),乞闭 吝窍摸款樊(1/10),乞闭 瘤搁柯档(∑C),弥历 檬惑柯档(∑C),盒幅
184,力林,2019-01-01,5.6,4.8,7,0,13.6,320,7.6,320,5.3,4560,290,-1.3,47,61.1,5.6,1031.7,1035.5,1032.3,1034.3,10,9,9,4.8,4.3,2
184,力林,2019-01-02,5.1,4.5,6.1,,11.4,22.5,6.2,360,3.9,340560,360,-1.8,53.1,61,5.3,1031.7,1035.9,1032.2,1034.3,9.9,8.8,8.8,4.6,2.9,2
184,力林,2019-01-03,5.1,3.5,8,,8.2,14.1,5.1,20,2.7,234000,20,-2,41.2,60,5.3,1031.8,1036.6,1033.2,1034.4,9.9,4.1,4.1,5.5,-1.8,2
184,力林,2019-01-04,5.8,2.6,10,1.6,7.6,30.9,4.6,20,2,174960,160,2.1,62.7,78,7.2,1027.2,1033.7,1027.2,1029.8,9.9,8.1,6.3,5.2,-2.6,2
184,力林,2019-01-05,7,5.2,9,,8.9,0,5.1,360,3.2,274320,360,1.2,49.5,67,6.7,1023.5,1027.5,1024.6,1026,9.9,5.9,5.1,6.6,0.1,2
184,力林,2019-01-06,5.7,4.5,7.7,,7.8,8.4,4.4,360,2.6,222120,360,-0.5,53.7,64,5.9,1025.7,1029.8,1025.7,1028.3,9.9,6.5,5.5,5.8,-0.5,2
184,力林,2019-01-07,5.9,3.1,8.8,,6.8,11.3,3.8,360,2.2,188640,340,-0.1,55.9,66,6.1,1025.4,1029.9,1026.7,1028,9.9,6.6,4.6,6.1,-1.6,2
184,力林,2019-01-08,6.6,4.5,8.8,,13.6,309.4,7,320,4.4,375840,360,-0.1,55.1,63,6.1,1026.1,1031.9,1026.6,1028.6,9.9,9.3,7.8,6.4,3.8,2
184,力林,2019-01-09,4.5,2.2,5.8,,12.1,348.8,7,360,3,261000,50,-3.6,47.7,56,4.7,1028.8,1034,1027.8,1031.4,9.9,8.5,3.6,6.2,1.4,2
184,力林,2019-01-10,6.9,5.6,7.8,,9.1,19.7,5.2,360,3,258120,320,0.8,57.6,65,6.5,1023.9,1027.9,1025.1,1026.4,9.9,9.6,6.4,6.6,2.3,2
184,力林,2019-01-11,7.9,5.9,9.4,1.7,9.4,11.3,5,360,2.3,199080,360,2.8,60,71,7.6,1021.5,1026.9,1020.7,1024,9.9,9.4,6.5,8.8,4.7,2
184,力林,2019-01-12,8.9,8.1,10.9,2,7.8,14.1,4.9,340,2.8,238680,360,4,49.3,73,8.2,1019.7,1024.3,1019.8,1022.2,9.9,7.3,6.3,9.4,3.6,2
184,力林,2019-01-13,7.9,6.6,10,,10.3,42.2,5.8,360,3.5,299520,360,1.8,53.4,66,7,1022.6,1026.1,1023.6,1025.1,9.9,5.3,5.3,7.2,3.7,2
184,力林,2019-01-14,7.3,5.5,9.7,,6.8,8.4,3.2,270,2.1,177840,200,1.3,58.3,66,6.7,1023,1027.2,1024.4,1025.5,9.9,5.6,4.5,7.2,2.7,2
184,力林,2019-01-15,7,3.6,9.9,,14.3,317.8,7.6,340,4.3,370080,320,-0.1,49.9,61,6.1,1022.5,1027.5,1023.6,1025,9.9,7.8,6.9,7.2,2.8,2
184,力林,2019-01-16,3.1,2,4,,13.4,16.9,7.8,320,4.3,371520,320,-3.1,55.9,64,4.9,1024.6,1028.8,1026.1,1027.2,9.9,9.1,8.8,4,2.2,2
184,力林,2019-01-17,5.6,3.9,6.5,,11.1,312.2,7.2,320,4.3,372240,320,-2.4,49.5,56,5.1,1023.4,1028.9,1024.1,1026,9.9,8.4,8,4.8,3.5,2
184,力林,2019-01-18,6.4,3.9,9.8,,7.3,289.7,3.9,360,1.9,167400,180,-0.1,50.7,63,6.1,1025.4,1030.7,1026.6,1028,9.9,2.5,2.3,6.7,-1.1,3
184,力林,2019-01-19,8.9,3.6,12.6,1,10.3,267.2,5.2,250,2.3,195480,160,4.4,61.6,74,8.7,1019.2,1026.8,1017.7,1021.7,9.9,7.4,5.5,6.4,-1.8,2
184,力林,2019-01-20,6.7,3.9,11.6,,14.6,315,7.7,320,5.5,476280,320,0.8,48.8,66,6.6,1021.2,1027.1,1017.9,1023.7,9.9,8,7.3,7.3,3.3,2
184,力林,2019-01-21,6.2,3.9,8.1,,12.3,326.3,6.9,320,4.4,381960,270,-1.2,50.8,59,5.6,1022.3,1027.2,1023,1024.8,9.9,7.1,7.1,7,1.7,2
184,力林,2019-01-22,8.3,5.8,10.9,,9.7,278.4,5.1,270,3.5,301320,270,0.3,39.7,57,6.2,1019.5,1023.5,1021,1022,9.9,4.5,3.8,8.1,2,2
184,力林,2019-01-23,8.6,6.7,11.9,,9.2,270,5.3,270,3.5,302760,230,0.2,39.9,56,6.3,1019.7,1024,1020.6,1022.2,9.9,0.9,0.9,7.7,0.9,3
184,力林,2019-01-24,6.2,3.4,9.6,,7.5,11.3,4.4,340,2,171000,180,-2,39.6,56,5.3,1022.2,1026.2,1023.6,1024.8,9.9,0,0,6.3,-2.4,3
184,力林,2019-01-25,5.7,3.6,10.1,,16.7,312.2,9,340,4.2,361440,320,-1.4,42.1,60,5.6,1022.5,1026.9,1023,1025,9.9,5.3,4.6,5.2,-2.5,2
184,力林,2019-01-26,4.3,2.9,5.8,,18,22.5,9.7,360,5.6,487440,360,-3.7,44.2,56,4.7,1026.2,1031,1026.5,1028.8,9.9,4.6,4.6,5.7,1.1,2
184,力林,2019-01-27,5.6,2.4,8.5,,6.9,253.1,4.2,290,2.4,205920,290,-1.1,49.9,62,5.7,1026.1,1031.7,1025.3,1028.6,9.9,4.6,4.6,6.7,-2.3,2
184,力林,2019-01-28,7.7,4.8,10.8,,12.5,281.3,6.6,290,4.5,391320,230,-0.3,41.7,57,6.1,1021.7,1026.6,1022.6,1024.2,9.9,6.3,5.6,7.4,0.7,2
184,力林,2019-01-29,6.3,2.8,9.2,,6.5,348.8,4.2,20,1.9,163440,20,-0.2,52.9,64,6.1,1024.5,1028.8,1025.8,1027,9.9,2.4,1.9,7.5,-1.2,3
184,力林,2019-01-30,8.2,6.8,10.1,,5.5,315,3.7,290,1.6,142200,230,2.8,56,69,7.5,1022,1027,1021.5,1024.5,9.9,9.5,5.8,8.5,4.3,2
184,力林,2019-01-31,4.9,3.3,8.2,17.9,21.2,14.1,13.2,360,5,434880,360,0.9,57.4,76,6.7,1018.4,1025.5,1017.1,1020.9,9.9,9,7.4,5.4,2.1,1
184,力林,2019-02-01,5,3.4,6.8,,15.8,345.9,8.6,320,4.7,405720,290,-2.7,46.2,58,5,1023.4,1027.7,1025.2,1026,10.5,7.6,7.6,4.1,1.1,2
184,力林,2019-02-02,9.3,5,12,,6,45,3.7,200,2.2,185760,200,1.4,46.8,58,6.8,1019.4,1025.7,1017.6,1021.9,10.5,6.6,4.6,9,1.6,3
184,力林,2019-02-03,13.3,8.6,18.4,9.8,19.9,216.6,10.2,230,5.5,474120,250,10.4,60.7,84,13,1012.9,1021.3,1011.5,1015.3,10.5,9.9,6.6,11.6,7.7,2
184,力林,2019-02-04,6.9,4.9,9.5,,14.3,315,8,320,3.3,286560,320,-3.1,29.9,50,4.9,1023.4,1028.2,1021.2,1025.9,10.5,3,2.5,7.7,0,3
184,力林,2019-02-05,9.3,4,13.6,,12.2,36.6,7.1,50,2.9,246960,50,1.1,47.4,57,6.7,1018.2,1025.5,1017.5,1020.8,10.5,3.9,3.3,7.8,-0.7,3
184,力林,2019-02-06,11.8,9.1,15.5,,5.5,275.6,3.8,320,1.9,166680,160,4.9,49.2,64,8.8,1014.1,1017.7,1015.4,1016.5,10.5,5.3,4.4,9.7,3.6,3
184,力林,2019-02-07,6.5,1.9,12.1,3.8,13.3,39.4,8.3,360,3.5,304920,360,1.4,48.9,71,7.2,1018.3,1025.9,1014.2,1020.8,10.5,7.4,5.6,6.9,-0.4,1
184,力林,2019-02-08,3.4,1.5,5.6,,9.1,19.7,4.9,360,2.8,240840,360,-4.7,38.7,55,4.3,1021.5,1026.7,1021.1,1024.1,10.5,8.5,2.3,5.2,-0.3,2
184,力林,2019-02-09,3,1.5,4.7,,13.6,329.1,7.1,340,4.5,386280,320,-3.9,49.7,60,4.6,1024.9,1030.3,1022.8,1027.5,10.5,9.3,6.3,3.4,0.2,2
184,力林,2019-02-10,3.1,2,4.9,,8.8,42.2,5.7,360,3.3,281160,290,-4.8,49.9,56,4.3,1026.5,1030.7,1027.7,1029.1,10.5,8.4,4.1,3.5,0.2,2
184,力林,2019-02-11,3.7,2.9,4.7,,14.3,312.2,7.4,320,4.3,371160,320,-2.9,54.2,62,4.9,1029.4,1034.4,1029.2,1032,10.5,8.1,8.1,3.6,-2.4,2
184,力林,2019-02-12,5.7,1,8.7,,8.7,28.1,5.4,50,2.4,205920,180,-2.8,35.8,55,5,1029.8,1034.8,1030.3,1032.4,10.5,5.8,3.3,6.6,-4.6,3
184,力林,2019-02-13,6.8,5.2,8.7,,8.6,42.2,5.5,20,3.3,285480,360,-2.7,35.6,51,5,1028.3,1032.1,1029.3,1030.9,10.5,3.9,1.4,9.2,2,3
184,力林,2019-02-14,5.6,4.2,8,,7.7,2.8,4.9,20,2.2,190440,20,-2,47.7,58,5.3,1027.1,1031.9,1027.7,1029.7,10.5,6.3,6.3,7.1,-1.7,2
184,力林,2019-02-15,6.4,4.3,7.7,,8.8,298.1,5.2,320,2.4,207000,320,1.4,56.7,71,6.8,1021.8,1027.9,1022.7,1024.3,10.5,9.5,6.5,5.7,-1.4,2
184,力林,2019-02-16,4.2,3.1,7,,12.5,286.9,7.3,320,4.7,405000,320,-2.1,53.2,63,5.3,1022.4,1026.3,1023.1,1025,10.5,9.5,8.8,4.7,2.6,2
184,力林,2019-02-17,4.4,3.1,6.9,,8.4,0,4.7,320,3,263160,320,-3.1,48.1,59,4.9,1024.2,1027.9,1025.2,1026.8,10.5,7.5,5.9,6.8,-1.8,2
184,力林,2019-02-18,7.1,2.9,9.8,2.1,8.7,95.6,4.5,70,2.2,186480,180,1.5,45.6,68,7,1021.2,1027.5,1019.3,1023.7,10.5,9.8,5.5,6.4,-2.1,1
184,力林,2019-02-19,9.3,6.4,13,15.9,15.8,33.8,10.1,50,4,342720,270,7.1,77,87,10.3,1015.4,1023.7,1012.6,1017.9,10.5,8.9,7,8.8,3.7,1
184,力林,2019-02-20,6.9,4.8,9.4,,7.8,11.3,4.7,360,2.5,212400,270,1.3,58.7,68,6.7,1023.3,1027.8,1022.8,1025.8,10.5,8.3,5.3,7.9,0.3,2
184,力林,2019-02-21,7.1,5.6,8.7,,7.1,11.3,4.4,360,2.4,207720,20,0.3,51,62,6.2,1023.4,1027.9,1024.1,1026,10.5,7,2.8,8.7,4.3,3
184,力林,2019-02-22,8.3,6.5,10.9,1.6,6.7,286.9,4.5,20,2,171360,160,3.3,60.8,71,7.8,1018.2,1024.2,1018.8,1020.7,10.5,9.8,6.6,7.8,3.4,2
184,力林,2019-02-23,9.3,4.2,13.7,,9.5,39.4,5.9,50,2.4,211320,50,2.3,50.4,62,7.2,1020.1,1024,1021.1,1022.6,10.5,4.9,1,9.1,-1,3
184,力林,2019-02-24,11,8.6,14.1,,8.1,36.6,5.5,50,2.5,212760,140,2,36.6,55,7.1,1020.5,1024.9,1021.3,1023,10.5,3.1,1.9,11.5,2.1,3
184,力林,2019-02-25,9.4,7.3,13.1,,6.9,264.4,4.5,270,2.7,235800,270,0.9,35.2,56,6.6,1019.6,1023.8,1020.3,1022.1,10.5,3.3,1.1,11.4,1.2,3
184,力林,2019-02-26,8.9,5.3,12.2,,5.8,22.5,3.3,340,1.8,157320,360,-0.4,38.5,53,6,1021,1026.6,1021.3,1023.5,10.5,3.9,1.3,11.7,-1,3
184,力林,2019-02-27,10.9,9.4,11.9,4.6,8.5,33.8,5.6,50,2.3,197640,90,6.4,56.6,75,9.7,1017.6,1023.7,1017.6,1020.1,10.5,10,6.6,9.9,6,1
184,力林,2019-02-28,10.4,8,13.2,0.1,8.5,22.5,5.5,20,3.2,273240,20,4.2,43.2,67,8.3,1016.7,1021.3,1017.5,1019.2,10.5,6.8,4.9,11.7,3,3
184,力林,2019-03-01,9.4,6.4,12.3,,5.8,312.2,3.9,320,2.2,187200,290,1.5,40.5,59,6.9,1019.9,1024.2,1021.3,1022.4,11.4,5.1,2.9,10.8,1.5,3
184,力林,2019-03-02,11,7.3,14.3,0.4,9.1,106.9,4.8,110,2.2,186480,110,5,52.2,67,8.8,1014.9,1021.4,1015,1017.4,11.4,10,7,9.7,2.1,2
184,力林,2019-03-03,11.8,10.5,13.3,5.9,10.6,47.8,6.8,20,3,256320,70,7,53.3,73,10.1,1009.4,1015.3,1008.9,1011.9,11.4,10,6.9,10.8,8.9,1
184,力林,2019-03-04,10,8.4,12.2,2,10.9,14.1,5.9,360,3.4,290880,230,5.1,59.3,73,8.8,1013.5,1021.2,1010.2,1016,11.4,5.1,3.5,10.8,2.3,2
184,力林,2019-03-05,10.7,6.2,13.4,,5.2,42.2,3.9,20,1.9,166320,160,2.9,40.1,60,7.8,1018.2,1022.1,1019.2,1020.7,11.4,6,3,8.6,0.8,2
184,力林,2019-03-06,10.4,8.4,13.8,11.3,10.2,292.5,6.5,20,3.6,306720,320,6.7,61.5,79,9.8,1013.8,1019.2,1013.8,1016.3,11.4,6.5,5.1,12.9,7.1,1
184,力林,2019-03-07,8.3,7.3,10.4,,15.2,0,7.8,320,4.6,394200,320,3.4,56.5,72,7.8,1019.2,1025,1017.4,1021.8,11.4,3.8,3.8,10.5,4,3
184,力林,2019-03-08,8.5,3.7,12.3,,4.9,42.2,2.8,360,1.7,144000,180,1.3,51.3,61,6.7,1023.1,1027.2,1024.6,1025.6,11.4,2.6,0.1,11.2,-1.4,3
184,力林,2019-03-09,11.6,6.5,16.6,9,11.5,101.3,6.6,90,2.4,211320,160,4,21.5,63,8.7,1017.1,1025.4,1013.7,1019.6,11.4,8.9,4.6,10.1,0.7,2
184,力林,2019-03-10,10.7,8.9,13.1,22.1,15.2,45,8.1,20,4.1,350640,70,9.3,73.9,91,11.8,1008.7,1013.7,1009.2,1011.2,11.4,8.4,6.8,11.1,4.3,1
184,力林,2019-03-11,10,6.9,13.6,1.2,16.4,275.6,9.3,290,4.3,373680,250,5.2,58.4,73,8.9,1009.9,1014.1,1009.4,1012.4,11.4,6.1,4.3,10.1,1,2
184,力林,2019-03-12,10.7,6.1,16,,15.3,22.5,8.8,290,5.3,456840,250,2.5,38.8,58,7.4,1012.3,1020.7,1011.4,1014.8,11.4,2,2,11.9,1.2,3
184,力林,2019-03-13,8.4,5.1,11.7,,13.1,320.6,7.3,320,5.1,437040,290,-2.4,34.2,47,5.2,1021.7,1026.3,1020.7,1024.2,11.4,1.9,1.9,11.3,1.8,3
184,力林,2019-03-14,10,7,14,,7.8,284.1,5.2,290,3.1,266400,230,-1.7,24.8,46,5.4,1022.7,1026.8,1023.3,1025.2,11.4,3.6,2.3,13.3,2.6,3
184,力林,2019-03-15,10.2,6.2,15.8,,16.3,303.8,9.6,320,5.1,436680,270,2.5,38.9,59,7.5,1019,1025.2,1017.8,1021.5,11.4,4,3.3,12.4,-0.9,3
184,力林,2019-03-16,10.1,6,14.1,,12.5,295.3,6.8,320,4.2,366840,290,0.3,25.7,52,6.3,1019.8,1025.4,1020.2,1022.3,11.4,3.3,3,14.8,4.4,3
184,力林,2019-03-17,11.2,8,14.1,,11.4,225,6.4,250,2.8,240480,320,2.7,38.7,57,7.6,1021.6,1026.1,1020.4,1024.1,11.4,2.8,0.9,16.9,2.4,3
184,力林,2019-03-18,10.7,6.9,14.2,1.9,8,137.8,4.9,160,1.9,165960,160,3.2,41.9,61,7.9,1017.6,1024.2,1017.3,1020.1,11.4,9.1,5.5,10.7,1.3,2
184,力林,2019-03-19,12.3,9.2,16.1,,7.7,261.6,5.2,250,2.4,204840,250,6.2,54.5,67,9.5,1015.9,1020,1016.3,1018.4,11.4,1.8,0.5,14.9,3.6,3
184,力林,2019-03-20,16.3,9.9,21.2,1.7,26.5,163.1,14.3,200,4.1,357120,200,8.8,37.4,63,11.9,1007.2,1019,1002.7,1009.6,11.4,7.9,3.6,12.5,3.6,3
184,力林,2019-03-21,10.7,7.3,20,,16.6,230.6,9.7,230,4.8,415440,270,7.5,70,81,10.6,1009.9,1017.9,1004.6,1012.4,11.4,9,5.9,12.4,7.2,3
184,力林,2019-03-22,7.8,6.4,10.6,,10.3,8.4,5.6,320,3.7,318960,290,0.2,49.2,59,6.2,1018,1023.1,1017.3,1020.5,11.4,6,4,14.2,3.7,3
184,力林,2019-03-23,8.5,6.2,11.8,,16.1,286.9,8.8,320,4.9,421560,320,-1.3,39.7,51,5.6,1021.5,1025.7,1021.6,1024,11.4,4.6,3.6,12.2,3.2,3
184,力林,2019-03-24,7.5,3.6,11,,9,14.1,5.1,340,2.7,235080,290,-1.7,43.4,52,5.4,1021.3,1026,1021.9,1023.8,11.4,3.5,0.5,13.8,-0.6,3
184,力林,2019-03-25,9.9,6.4,13.2,,8.5,272.8,5.3,250,2.3,198360,160,0.7,40,53,6.5,1016.7,1021.9,1017.8,1019.2,11.4,8.6,5.9,11.1,2.1,2
184,力林,2019-03-26,14.2,10.1,16.7,,11.1,250.3,7.2,270,3.6,308160,230,7.7,47.5,66,10.6,1017.6,1021.5,1018.4,1020.1,11.4,1.4,0,16.8,5.1,3
184,力林,2019-03-27,16.4,10.3,22,,13,14.1,6.2,50,2.7,230400,50,4.7,16.8,47,8.8,1013.7,1020.6,1012.7,1016.1,11.4,4,1.3,19.2,2.3,4
184,力林,2019-03-28,14.6,12.8,16.9,,8.3,255.9,5.2,250,2.4,203040,20,11,62.6,80,13.1,1011.1,1014.8,1012.1,1013.5,11.4,8.4,5.9,21.1,10.8,3
184,力林,2019-03-29,13.9,12.2,17,,7,329.1,4.3,360,1.9,165600,250,7.2,35.7,66,10.3,1011.4,1015.2,1012.6,1013.8,11.4,4.8,1.3,19.6,6,3
184,力林,2019-03-30,11,7.9,14.6,,18.5,326.3,8.8,320,4.7,406800,290,3.4,42.8,60,7.9,1014.1,1021.1,1012.4,1016.6,11.4,6.8,6.1,16.5,7.1,3
184,力林,2019-03-31,8.4,7.1,11.4,,17.4,292.5,8.9,320,6.4,550080,320,-3.6,33,43,4.7,1021.3,1026.1,1020.8,1023.8,11.4,5.8,5.1,12.3,4.9,3
184,力林,2019-04-01,10.5,7.1,13.2,,11.1,255.9,6.4,270,4.8,410400,270,-0.3,28,48,6.1,1022.6,1027.1,1023.3,1025.1,12.4,1.6,1.6,15.7,4.1,3
184,力林,2019-04-02,10.6,8.6,14,,10.1,289.7,6,270,3.1,264240,290,1.7,33,56,7,1021.6,1025.3,1022.7,1024.1,12.4,3.9,1.9,18.3,3.1,3
184,力林,2019-04-03,10.5,6.6,14.4,,6.7,306.6,4.2,270,2.6,222840,180,-3.3,21.3,39,4.9,1023,1026.6,1024.4,1025.5,12.4,1.3,0,17.3,0.5,3
184,力林,2019-04-04,11.3,6.2,14.6,,11.1,253.1,6.3,270,3.1,267840,270,-0.1,35.2,46,6.2,1018.2,1025.3,1017.1,1020.7,12.4,5,2.5,16.7,0.2,3
184,力林,2019-04-05,14.5,11.9,18.2,,11.8,244.7,6.3,250,3.9,337680,270,8.1,32.9,67,11,1011,1017.1,1011.7,1013.4,12.4,3.9,1.9,19.6,8,4
184,力林,2019-04-06,15,11,20.8,,8.8,278.4,5.4,320,2,176760,270,9.9,53.8,72,12.3,1010.1,1014.5,1009.9,1012.5,12.4,0.9,0,20.3,4.1,4
184,力林,2019-04-07,16.4,13,21.4,2.7,13,247.5,7.6,270,2.5,217800,160,11,45.8,71,13.2,1007.6,1012.2,1005.7,1010,12.4,3.5,3,18.4,6,3
184,力林,2019-04-08,14.8,11.7,18.1,,5,320,3.7,320,1.6,1416,320,7.8,27,66.4,10.9,1012.9,1017.9,1011.8,1015.3,12.8,3.5,3,20.2,7.6,4
184,力林,2019-04-09,15,14.1,17.4,6,18.7,123.8,9.6,90,5.4,463320,90,10,35.4,74,12.4,1007.5,1017.5,1001.9,1009.9,12.4,8.4,4.8,15.3,9.9,2
184,力林,2019-04-10,10.4,9.6,14.2,6.7,13,56.3,7.6,50,4,345600,320,8.3,72.8,87,11,1008.5,1015.9,1001.6,1011,12.4,9.4,8.8,11.9,9.3,1
184,力林,2019-04-11,11.6,9.7,13.8,,8.2,33.8,5.8,50,2.4,205560,50,7.4,67.8,76,10.3,1013,1017.2,1014,1015.5,12.4,9.3,7,11.5,9.4,2
184,力林,2019-04-12,12.7,9.2,16.6,,6.4,306.6,4.1,290,2.1,184320,320,4.3,36.3,58,8.4,1017.2,1021.5,1016.8,1019.7,12.4,1.1,0.9,16.8,4.4,3
184,力林,2019-04-13,13.7,9.4,17.7,,6.9,33.8,4.8,20,2.1,183960,20,3.5,40.3,51,7.9,1018,1022.2,1019.1,1020.5,12.4,4.1,2.5,15.9,3.9,3
184,力林,2019-04-14,13.6,10.6,17.1,,10.1,247.5,6.3,290,2.4,207360,270,7.3,53.6,67,10.4,1015.3,1020.2,1016.2,1017.8,12.4,7.4,3.6,14,5.3,3
184,力林,2019-04-15,13,8.7,17.1,,7.1,261.6,4.2,290,2,173880,270,0,14.3,43,6.3,1018.2,1022.3,1019.6,1020.7,12.4,2.1,0,17.5,1.6,4
184,力林,2019-04-16,16.8,10.7,25,,9.1,112.5,5.6,110,1.9,167400,160,4.6,15.4,48,9,1014.2,1021.1,1013.9,1016.7,12.4,7.8,3,18,4.1,4
184,力林,2019-04-17,15.8,13.6,18.6,,9.9,33.8,7.3,20,2.9,252360,20,10.7,59.3,72,12.9,1010.8,1015.5,1012,1013.2,12.4,4.8,2.6,20.5,7.8,3
184,力林,2019-04-18,16.7,12.3,22.1,,8.1,39.4,5.4,50,2.3,198360,20,10.9,54.5,69,13.1,1011.1,1014.7,1012,1013.5,12.4,0.8,0,22.5,6,4
184,力林,2019-04-19,16.8,14.3,21.6,,12.7,56.3,7.4,50,3.1,270720,50,12.9,61.6,78,14.9,1013.2,1017.3,1013.9,1015.6,12.4,2.8,2.5,22.3,7.6,4
184,力林,2019-04-20,17.1,14.5,20,,11.5,30.9,7.1,50,3.1,267840,50,12.9,63.4,77,14.9,1012.3,1016.4,1012.5,1014.7,12.4,1,1,23.5,10.6,4
184,力林,2019-04-21,18.5,15,23.1,,6.6,16.9,4.8,20,1.7,149040,20,12.3,44.1,68,14.3,1010.9,1014.6,1011.9,1013.3,12.4,5.8,4.1,23.3,8.3,4
184,力林,2019-04-22,19.3,16.6,24,,13.7,36.6,8.3,50,3.5,305280,50,13.6,53.1,70,15.7,1012.1,1015.5,1013.3,1014.5,12.4,6,2.5,24,12.1,4
184,力林,2019-04-23,19.1,17.3,22.5,18.7,18.3,115.3,8.4,110,3.7,320400,110,15.6,57.8,81,17.7,1007,1015.1,1005.7,1009.4,12.4,6.8,5.3,20.4,14,3
184,力林,2019-04-24,18,15.7,21.2,,12.7,267.2,7.7,290,3.7,321480,270,15.9,69.8,88,18,1004.9,1008.8,1006,1007.3,12.4,7.8,6.9,19.9,14.1,3
184,力林,2019-04-25,15.8,14.1,17.9,,6.5,250.3,4.1,320,2.3,194400,250,14.3,78.8,91,16.3,1006.1,1010.4,1006.7,1008.5,12.4,10,7.8,17.8,14.7,3
184,力林,2019-04-26,12.2,11.3,15.9,0.3,11.8,320.6,6.2,320,4.4,383400,290,7.5,62.8,74,10.4,1011.9,1019.1,1009.9,1014.3,12.4,9.1,9.1,13.2,10.7,2
184,力林,2019-04-27,14,11.7,17,,10.9,33.8,7.4,50,3.7,320760,50,7.1,48.3,64,10.1,1018.5,1023.1,1018.4,1020.9,12.4,7.3,3.8,19.1,8.2,3
184,力林,2019-04-28,15,12.1,17.5,0.1,12.1,56.3,7,50,3,258120,70,8.1,47.4,64,10.9,1016.5,1022.2,1016.7,1018.9,12.4,9.1,7.9,15.1,8.2,3
184,力林,2019-04-29,16.1,14.5,20.3,10.5,12.3,30.9,7.7,20,3.7,316080,70,15.2,75.7,95,17.3,1008.4,1016.7,1007,1010.8,12.4,9.9,5.9,17.2,13.7,2
184,力林,2019-04-30,15.6,14.5,17.6,1.4,6.8,0,4.9,50,2.3,200520,50,14.2,78.9,92,16.2,1006.6,1010.5,1007.7,1009,12.4,8.8,6.4,17.1,12.5,2
184,力林,2019-05-01,14.7,12.4,18.6,,10.2,272.8,6.2,290,3.6,307800,270,9.8,47.6,75,12.3,1007.1,1011.6,1008.2,1009.5,13.4,7.3,3.3,17.9,8.6,3
184,力林,2019-05-02,17.2,12.8,21.5,,8,289.7,5.2,270,3.2,272520,250,3.2,25,41,8,1012.6,1017.3,1011.6,1015,13.4,1.5,0.1,19.9,5.2,4
184,力林,2019-05-03,18.9,16,21.9,,6.5,275.6,4.6,270,2.5,215280,230,7.3,25.4,49,10.7,1015.5,1019.2,1016.3,1017.9,13.4,0,0,23.2,6.9,4
184,力林,2019-05-04,19.2,14.7,23.3,,4.7,236.3,2.8,250,1.4,118440,20,7.3,30.7,48,10.3,1016.3,1020.5,1016.9,1018.7,13.4,5.6,0,22.1,6.7,4
184,力林,2019-05-05,19,16.4,22.2,,6,14.1,4.3,20,2.1,183240,20,8.5,33,52,11.4,1015,1019.1,1015.6,1017.4,13.4,3.1,0,25.2,8.4,4
184,力林,2019-05-06,15.9,13.4,19.2,,9.5,8.4,6,20,3.3,286560,320,6,37.2,54,9.6,1014.8,1018.7,1015.7,1017.2,13.4,3.8,1,24,9.4,4
184,力林,2019-05-07,15.6,12.3,19.5,,6.7,16.9,4.1,50,2.5,213480,20,4.5,27.9,48,8.5,1015.5,1019.6,1016.5,1018,13.4,2.8,1.4,24.6,8.5,4
184,力林,2019-05-08,16.3,11.9,19.6,,5.4,22.5,3.9,20,1.7,149400,160,3.2,26.7,43,7.9,1012.2,1018,1011.9,1014.6,13.4,7.8,4.6,21.4,5.7,4
184,力林,2019-05-09,17.4,14.7,20.3,,5.9,11.3,3.6,20,2.1,178200,180,4.6,35,43,8.7,1009.4,1013.2,1010.4,1011.8,13.4,5.8,3.3,25.6,8.5,4
184,力林,2019-05-10,17.6,14.3,21.4,,5.1,303.8,3.3,320,1.9,161280,360,6.6,32.5,50,10.1,1011,1014.5,1012,1013.4,13.4,4,0,24.9,6.7,4
184,力林,2019-05-11,18.5,15,23.4,,5.4,334.7,3.9,290,2.1,180360,180,5.3,19.2,43,9.1,1012.1,1015.8,1013.2,1014.5,13.4,2.5,0,22.9,6.1,4
184,力林,2019-05-12,18.7,15.7,21.5,,10.3,45,6.1,50,2,173520,20,10.6,35.2,61,13.4,1013,1016.6,1014.3,1015.4,13.4,4.8,0.1,22.8,7.5,4
184,力林,2019-05-13,20.1,17.4,23.7,,10.4,47.8,6.1,50,2.3,196920,50,15.1,52.7,74,17.2,1011.8,1015.6,1012.6,1014.2,13.4,9,6.3,22.1,13.5,4
184,力林,2019-05-14,20.5,18.6,23.2,,9.6,149.1,6.6,50,2.7,236520,50,16.8,57,80,19.2,1010.6,1014.5,1010.8,1013,13.4,6.8,3.6,27.8,14.6,4
184,力林,2019-05-15,21.2,16.9,26.6,,12.2,53.4,7.8,50,2.9,251640,50,14.3,34,68,16.5,1010.3,1014.2,1011.1,1012.7,13.4,7.4,2.8,27.1,12.7,4
184,力林,2019-05-16,23.2,18,28.3,,11.6,126.6,6.7,110,2.3,195840,110,14.3,40.2,58,16.3,1009.2,1012.7,1010.5,1011.5,13.4,6.5,3.3,28.2,12.9,4
184,力林,2019-05-17,21.2,18.4,26.3,12,16.1,81.6,7.9,50,3.6,314280,110,15.8,44.5,73,18,1008.1,1012.8,1006.4,1010.5,13.4,9,5.1,21.6,14.4,3
184,力林,2019-05-18,20.6,17.4,23.3,19.6,19.2,16.9,11.3,50,5.1,443160,50,19.1,73.7,92,22.2,1003.3,1008.4,1000.9,1005.7,13.4,9,8,21.4,17.9,3
184,力林,2019-05-19,21.4,18.8,26.3,,16.3,118.1,7.3,70,4.5,387000,50,18.5,68.4,84,21.3,1004.6,1008.3,1004.4,1007,13.4,8,5.8,23.5,17.8,4
184,力林,2019-05-20,17.3,14.9,19.8,0.8,10.6,0,6.6,320,4.1,351360,290,10.4,42.3,67,13.2,1007.2,1012.2,1006.5,1009.6,13.4,7.6,4.8,19.3,10.5,3
184,力林,2019-05-21,19.2,14.5,23,,10.1,267.2,6.5,290,3.4,296640,230,5.2,22.5,41,9.1,1007.9,1011.9,1008.9,1010.3,13.4,2.5,0,22.6,8.1,4
184,力林,2019-05-22,23.4,19.5,27.6,,11.7,286.9,7.2,290,4.3,367200,250,4.6,15,31,9,1006.6,1010,1007.2,1008.9,13.4,0.9,0,25.6,10.2,4
184,力林,2019-05-23,26.2,22,31.3,,12.1,261.6,7.9,250,4.6,398520,250,5.8,10.2,28,9.6,1008.5,1012,1009.4,1010.8,13.4,0,0,28.5,16.1,2
184,力林,2019-05-24,28.4,23.8,33.1,,13,255.9,8,250,4.6,401400,250,1.3,12.4,18,6.8,1011.1,1015.1,1011.2,1013.4,13.4,2,0,30.9,13.8,3
184,力林,2019-05-25,23.3,20.4,27.2,,8,30.9,6,50,2.7,236160,50,12,15.1,52,14.6,1013.6,1017,1014.2,1016,13.4,6.8,0,29.2,13.6,4
184,力林,2019-05-26,23.1,20.3,25.4,,10.9,135,5.3,50,2.1,183240,270,15.2,49.4,62,17.3,1011.6,1016.1,1010.6,1014,13.4,9,3.6,25.5,14.2,3
184,力林,2019-05-27,20.7,15.8,25.5,9.8,21.3,202.5,11.2,200,4.3,368640,270,17.7,55.3,84,20.4,1005.6,1012.2,1005.1,1008,13.4,9.9,7.4,20.9,14.8,2
184,力林,2019-05-28,18.9,15.5,21.7,,7.9,264.4,4.8,290,2.6,225720,250,9.5,38.6,56,12,1011,1014.3,1011.8,1013.4,13.4,4.3,0.1,20.5,12.3,4
184,力林,2019-05-29,22.3,18.7,27,,7.1,261.6,5,270,2.8,242640,250,9.2,22.5,46,12.4,1010.9,1014.2,1012,1013.3,13.4,2.5,0,25.7,13.8,4
184,力林,2019-05-30,21.7,18,25.9,,5.6,267.2,4.3,250,1.7,147600,20,10.8,31.1,51,13,1010.4,1014.1,1011.5,1012.8,13.4,7.6,4,23.7,11.8,4
184,力林,2019-05-31,17.9,15.6,21.4,0.6,11.8,47.8,6.8,50,3,260640,50,12.8,40.6,74,14.9,1009,1013.1,1009.8,1011.4,13.4,9.1,5.5,19.9,12.5,3
184,力林,2019-06-01,19,15.9,22.4,,6.8,25.3,5.1,20,2,169920,20,14.7,58.5,77,16.8,1008.4,1012.6,1009.5,1010.8,14.1,7.5,1.9,23.7,12.5,4
184,力林,2019-06-02,20.1,17.9,24.6,,5.2,56.3,4,20,1.7,149760,20,14.4,44.4,70,16.4,1005.7,1010.4,1006.7,1008.1,14.1,6,2,23.8,12.4,4
184,力林,2019-06-03,20.9,17.9,24.5,,4.7,14.1,3.4,20,1.6,141480,20,13.2,33.3,62,15.2,1006.4,1009.6,1007.8,1008.8,14.1,4.1,0,26.7,11.9,4
184,力林,2019-06-04,22.8,19.4,29,,8.9,56.3,6.1,50,2.6,222120,50,17.6,57,73,20.3,1006.9,1010.7,1007.6,1009.3,14.1,6.4,5.9,27.1,14.2,3
184,力林,2019-06-05,22.5,19.2,26.1,,4.9,303.8,3.7,340,1.8,151920,320,17.4,48.6,75,20,1010.2,1013.9,1010.1,1012.6,14.1,1.9,1.6,29.6,15.7,4
184,力林,2019-06-06,23.6,19.1,28.1,13.3,20.7,171.6,11.4,230,3.3,284400,200,20.4,67.8,83,24.1,1005,1013.3,1000.4,1007.4,14.1,7.3,3.4,24.9,15,2
184,力林,2019-06-07,19.6,18.2,25.3,,17.4,0,10.2,250,6.1,527760,250,17.6,77.6,89,20.2,1001.7,1008.6,999.4,1004.1,14.1,9.6,8.4,20.8,18.3,3
184,力林,2019-06-08,19.9,17.5,23.2,0.2,10.3,56.3,6,70,2.8,239040,90,17.5,72.3,87,20,1006,1009.8,1007,1008.4,14.1,8.6,8.3,22,16.5,3
184,力林,2019-06-09,20.2,17,23.2,,10.8,39.4,7,50,3,260280,50,15.3,51,75,17.4,1003.5,1007.7,1003.7,1005.9,14.1,5.6,1.4,24.1,14.5,4
184,力林,2019-06-10,20.2,17.5,24.8,,12.1,53.4,7.2,50,3.3,286920,50,14.6,53.1,71,16.7,1003.8,1008.2,1005.1,1006.2,14.1,4.5,3.9,24,14.6,4
184,力林,2019-06-11,20.2,18.4,22.9,,9.9,59.1,5.8,50,2.7,236880,50,14.7,56.7,72,16.8,1006.8,1011.1,1007.4,1009.2,14.1,6,5.5,26.2,14.6,4
184,力林,2019-06-12,19.9,17.6,22.9,,6.4,28.1,4.8,20,2.2,188640,20,15.9,62.3,79,18.1,1008.9,1012.1,1010.5,1011.3,14.1,5.1,3.1,27.1,14,4
184,力林,2019-06-13,21.9,17.6,28,,12.6,33.8,7.2,70,2.6,226800,70,15.9,48.4,70,18.1,1007.4,1011.8,1007,1009.8,14.1,6,2,27.3,13.7,4
184,力林,2019-06-14,19.4,17.4,21.4,43.5,12.7,45,6.8,20,2.8,241560,50,18.6,78.7,95,21.4,1002.3,1008.6,1003,1004.7,14.1,10,6.4,21.4,17.3,2
184,力林,2019-06-15,20.1,18.2,22.5,0.3,10.6,306.6,6.6,270,3.8,327240,270,17.7,72,87,20.3,1001.2,1006,1002,1003.6,14.1,6.5,5.8,22.3,17.4,4
184,力林,2019-06-16,20.6,18.6,23.3,,8.3,272.8,5.1,270,3.3,288360,270,16.6,66,78,18.9,1006.9,1012.7,1005.5,1009.3,14.1,6,2.5,21.4,15.5,4
184,力林,2019-06-17,20.8,17.8,23.3,,4.9,47.8,3.2,20,1.7,149040,20,16.4,70.1,76,18.8,1011,1014.5,1012.2,1013.4,14.1,6,1,25.6,14.6,4
184,力林,2019-06-18,21.6,20.5,23.3,1,6.1,295.3,4.2,20,1.6,137520,270,18.2,57.6,82,21,1008.9,1013.5,1009.3,1011.3,14.1,9.9,4.8,23.1,18.5,3
184,力林,2019-06-19,21.7,19.4,24.4,,8.1,47.8,5.6,20,2.5,218880,50,18.5,65.6,83,21.3,1005,1009.3,1006.4,1007.4,14.1,4.3,2,26.5,16.6,4
184,力林,2019-06-20,22,19.8,24.4,,4.2,14.1,2.8,320,1.6,134280,360,18.9,69.9,83,22,1005.5,1008.7,1007,1007.9,14.1,6.1,0,25.6,16.2,4
184,力林,2019-06-21,22.6,20.3,26.4,,5.6,14.1,3.4,360,1.8,158400,270,18.6,59.4,79,21.4,1003.7,1008,1004.8,1006.1,14.1,3.9,1.9,26.9,16.8,4
184,力林,2019-06-22,22.1,19.7,25.5,,11.7,56.3,7.2,50,3,259920,50,19,68.8,84,22,1003.9,1008,1005.2,1006.3,14.1,5.1,3.6,27.3,15.8,4
184,力林,2019-06-23,21.1,19.3,25.6,,8.6,45,6.1,50,2.9,246960,50,17.3,60.9,79,19.8,1006.4,1011.2,1006.7,1008.8,14.1,3,2.8,26.2,16,4
184,力林,2019-06-24,21.6,18.8,24.4,,8.2,45,6.1,20,2.2,191160,20,16.9,62.9,75,19.2,1011.4,1016.4,1010.9,1013.8,14.1,1,0.3,27.7,14.2,4
184,力林,2019-06-25,24.2,19.1,28.9,,11.9,118.1,6,110,3.5,300600,110,15.6,38.1,61,17.8,1011.3,1016,1012,1013.7,14.1,5.6,0.4,27.5,15.8,4
184,力林,2019-06-26,22.1,19.8,25.9,85.1,11,129.4,5.3,90,2.4,206280,50,21.6,55.5,98,25.9,1003.9,1012.6,1002.6,1006.3,14.1,10,5.1,23.7,19.5,3
184,力林,2019-06-27,23.1,21.9,25.9,,8.1,244.7,5,290,2.8,245880,270,21.7,79.5,93,26,999.6,1003.9,1000.5,1002,14.1,8.5,6.1,25.6,20.2,4
184,力林,2019-06-28,23.5,21,25.8,,4.9,28.1,3.6,360,1.8,151200,360,19.8,67.1,80,23.1,1000.9,1004,1002.3,1003.3,14.1,2.6,0.5,26.9,18.3,4
184,力林,2019-06-29,25.2,22.6,29.8,2,18.9,261.6,11.4,230,3.8,326520,250,22.2,72.8,84,26.9,995.5,1003.4,992.5,997.8,14.1,9.1,6.6,24.5,19.9,1
184,力林,2019-06-30,23.4,21.4,26.9,0.4,7.9,239.1,5.1,250,2.4,210600,270,21.2,70.3,88,25.2,1000.8,1006,1000.2,1003.2,14.1,9,6.4,24.7,21.1,3
184,力林,2019-07-01,23.4,22.3,25.6,1.9,5.1,14.1,3.7,20,1.4,118080,250,21.7,81.3,90,25.9,1004.6,1009.8,1004.3,1007,14.3,9.4,5.9,24.4,20.4,3
184,力林,2019-07-02,23.3,21.8,25.7,,5.2,295.3,3.5,340,1.8,159480,250,20.5,68.3,85,24.1,1008,1011.2,1008.7,1010.4,14.3,8.8,2.4,24.1,19.7,4
184,力林,2019-07-03,22.6,21.6,24.9,,7.9,39.4,5.5,20,2.2,186120,20,20.1,73.7,86,23.5,1005.6,1010.8,1005.8,1008,14.3,8.8,4.1,24.1,18.5,4
184,力林,2019-07-04,22.3,20.4,25.9,,4.9,331.9,3.5,320,1.6,135000,360,19,69.7,82,22,1004.8,1008.3,1005.7,1007.2,14.3,5.4,1.4,27.5,16.1,4
184,力林,2019-07-05,23.9,21.6,28.7,,10.3,0,6.4,50,2.4,209520,50,17.5,50.1,68,20.2,1000.8,1006.2,1001.5,1003.1,14.3,5.4,1.3,27.2,17.1,4
184,力林,2019-07-06,23.8,20.8,27.2,,11.6,87.2,6.6,70,3.1,271080,70,19.7,63,79,23,1001.3,1005.9,1002,1003.7,14.3,6,5,28,17.4,3
184,力林,2019-07-07,23.3,22.2,26.4,,12.6,120.9,7.4,90,4,344520,90,19.3,63.8,79,22.4,1003.4,1007.1,1004.6,1005.8,14.3,9,4.4,25.9,19.8,3
184,力林,2019-07-08,21.8,20.6,22.7,3.7,9.5,90,5.3,50,3.1,266040,70,19.7,78.7,89,23,1003.9,1007.2,1005.5,1006.3,14.3,9.5,7.4,22.6,20.4,3
184,力林,2019-07-09,22,20.9,23.6,2.2,9.1,84.4,4.4,50,2.9,250560,70,19.7,71.5,87,22.9,1003.2,1006.6,1003.9,1005.6,14.3,9.1,7.5,22.5,19.7,3
184,力林,2019-07-10,21.4,20.5,22,104.7,13.9,0,6.9,70,3.6,310320,70,20.9,87.7,97,24.7,999.6,1005.4,999.4,1002,14.3,10,8.3,21.8,20.4,2
184,力林,2019-07-11,23.2,20.6,26.7,1.2,11,261.6,6.9,290,4,342000,250,21.1,70.7,88,25,1004.9,1009.6,1002.6,1007.3,14.3,6.9,4.4,25.4,20,4
184,力林,2019-07-12,23.3,21.7,25.8,0.4,5.5,331.9,3.8,290,2.1,184680,250,20.9,74.8,87,24.8,1005.8,1010.1,1006.7,1008.2,14.3,8.1,2.6,25.7,19.6,4
184,力林,2019-07-13,21.6,20.4,22.9,13.4,7.3,42.2,4.5,90,2.2,189720,50,20.1,84.8,92,23.6,999.9,1006.7,1000.3,1002.3,14.3,10,5.1,23.2,20.1,2
184,力林,2019-07-14,24.2,21.5,27.1,,5,329.1,3.7,270,1.7,147240,320,21.5,72.1,85,25.7,1001.3,1006.5,1001.2,1003.7,14.3,7,3.4,26.9,19.8,4
184,力林,2019-07-15,24.2,22.2,26.5,,6.8,56.3,4.5,20,2.2,188280,20,21.9,74.4,87,26.2,1005.6,1010.1,1006,1008,14.3,4.1,2.4,26.5,19.6,4
184,力林,2019-07-16,24.8,22.2,27.2,,12.2,30.9,8,50,3.2,272520,50,20.8,58.5,79,24.6,1008.2,1011.6,1009.5,1010.6,14.3,3.4,0.5,28.6,19.7,4
184,力林,2019-07-17,25,22.9,28,6.8,12.6,92.8,6.4,90,2.8,241560,90,22,65.1,84,26.5,1008.1,1011.6,1009.2,1010.5,14.3,8.9,4,26.8,20.2,2
184,力林,2019-07-18,24.2,22.9,25.9,21.3,9.6,90,5,70,2.2,189720,90,23.7,88.6,97,29.2,1005.1,1010.6,1004.6,1007.5,14.3,9.9,6.6,25.1,23.1,2
184,力林,2019-07-19,24.1,22.3,26.2,187.7,17.1,47.8,8.4,70,3.9,335880,70,23.9,94.7,99,29.7,999.5,1006.4,993.3,1001.9,14.3,10,7.8,24.1,22.5,2
184,力林,2019-07-20,25.7,24.6,28.2,43.8,18.1,137.8,9.6,230,5.1,441000,230,23.5,70.7,88,29,993.7,1003.2,989.4,996,14.3,10,6.4,24.8,23.2,1
184,力林,2019-07-21,27.3,24.8,30.7,,13.2,225,7.7,250,4,344160,250,23.5,65.7,81,29,1004.1,1008.2,1003.1,1006.5,14.3,5.8,3.4,27.8,23,2
184,力林,2019-07-22,27.1,23.8,31.8,108.3,9.6,244.7,5.7,230,2.1,181440,360,25.1,62.6,90,31.9,1005.4,1008.7,1006.9,1007.7,14.3,7.4,5.3,27.7,23.1,1
184,力林,2019-07-23,27.6,24.3,30.3,,7.1,36.6,5,50,2.3,195120,50,24.2,68.3,83,30.2,1004.1,1008.2,1004.2,1006.4,14.3,5.5,2.3,30.2,23.4,2
184,力林,2019-07-24,27.9,25.7,30.9,,7.6,36.6,4.9,50,2.2,189720,50,24.1,65.8,80,30.1,1003.4,1007.4,1004.7,1005.8,14.3,5.9,2.8,31.6,22.7,2
184,力林,2019-07-25,27.9,25.9,31.1,,6.5,28.1,5,50,2.2,192960,50,25.2,72.9,86,32.1,1004.1,1007.6,1004.7,1006.4,14.3,4.8,2.5,32,24.5,2
184,力林,2019-07-26,27.8,25.3,31.2,,6.2,39.4,4.4,20,2,171000,20,25.3,72.1,87,32.3,1003,1006.8,1003.9,1005.3,14.3,6.6,3,32.9,24.1,3
184,力林,2019-07-27,28.1,26.5,31,14.7,4.9,42.2,4,20,1.7,146520,20,25.8,70.1,88,33.2,1004.5,1009,1004.8,1006.8,14.3,7.6,3.5,29.4,24.9,1
184,力林,2019-07-28,29.3,27,31.8,,8.1,28.1,6.2,50,2.5,216000,50,24.4,64,76,30.6,1007.5,1011.4,1007.5,1009.9,14.3,3.1,2,30.3,24.2,2
184,力林,2019-07-29,28.7,26.1,31.3,,7.4,36.6,5,50,2.2,190080,50,23.4,60,74,28.8,1008.5,1012.2,1009.5,1010.8,14.3,4.4,0.6,30.5,22.9,2
184,力林,2019-07-30,30.4,27.3,35.4,,11.3,233.4,6.5,230,2.5,219240,20,24.1,47.8,70,29.9,1007.2,1010.7,1008.1,1009.6,14.3,2.8,1.4,33.7,23.7,2
184,力林,2019-07-31,29.5,27.9,32.3,,6.9,30.9,5.3,20,2.3,199800,20,25,62.9,77,31.6,1008.7,1012.4,1010,1011,14.3,1.8,1.5,34.5,24.6,2
184,力林,2019-08-01,29.2,26.9,32.1,,7.4,264.4,4.9,290,2,169920,20,25.5,69,81,32.8,1009.9,1013.5,1011,1012.2,13.7,3.6,3.1,34.5,23.7,2
184,力林,2019-08-02,28.8,26.7,31.2,,9.9,36.6,6.9,50,2.8,245880,50,25.2,67.4,82,32,1009.2,1012.9,1009.4,1011.6,13.7,2.5,1.5,34,23.8,2
184,力林,2019-08-03,29,25.4,31.7,,10.3,39.4,6.8,50,2.6,224640,50,23.7,0,74,29.3,1008,1011.9,0,1010.3,13.7,7,1.1,31.1,23.3,1
184,力林,2019-08-04,27.9,25.9,30.2,,12.4,45,7.6,50,3.4,291960,50,24.9,67,85,31.6,1007.8,1011,1008.9,1010.2,13.7,2.4,1.6,33,23.6,2
184,力林,2019-08-05,27.8,24.9,30.9,,7,36.6,5.1,50,2.4,210960,50,23.6,63.7,78,29.2,1007,1011.1,1007.8,1009.3,13.7,4.3,2.8,32,21.6,2
184,力林,2019-08-06,28.8,26.2,32.2,,6.5,70.3,4,20,2.2,193680,20,22.9,55.2,71,28,1003.7,1008.4,1004.4,1006,13.7,5,3.8,34.8,23.7,2
184,力林,2019-08-07,29.6,26.6,34.2,,7.5,123.8,5,20,1.9,167040,20,23.6,56.1,70,29.2,1004.3,1007.5,1005.3,1006.6,13.7,1.6,1.3,35.4,23.1,2
184,力林,2019-08-08,31.1,27.7,34.7,,11.9,101.3,6.4,110,3,254880,70,23.5,51.2,65,29.1,1005.2,1008.4,1006.8,1007.5,13.7,3.8,2.8,33.4,25.7,1
184,力林,2019-08-09,30.1,27.7,33.3,,12.5,115.3,5.9,110,3.3,286920,110,24.4,55.7,73,30.5,1003.8,1007.4,1005.1,1006.1,13.7,8.5,3.4,33.3,25.5,1
184,力林,2019-08-10,29.5,28.8,30.9,,17.1,112.5,6.7,110,4.8,416520,110,23.9,63.7,72,29.6,1000.7,1005.4,1001.3,1003,13.7,8.9,4.8,31,25.9,1
184,力林,2019-08-11,28.7,27.7,30.5,25,18.9,137.8,10.1,140,5.7,495720,140,25.8,72,85,33.2,996.6,1002.9,997,998.9,13.7,10,7.3,28.3,25.6,1
184,力林,2019-08-12,29.7,27.2,33.9,12,9.8,253.1,5.7,360,2.4,203760,360,26.2,60,82,33.9,998.1,1002.4,998.8,1000.4,13.7,6.5,6,30.1,25.7,1
184,力林,2019-08-13,29.2,26.8,31.2,,9.6,45,5.7,50,2.5,203400,50,25.5,65.8,81,32.6,999.7,1002.8,1001.3,1002,13.7,2.3,2,31.6,24.1,2
184,力林,2019-08-14,28.6,26.8,31.6,1.2,7,258.8,4.7,250,2.5,215280,270,25.4,68.8,83,32.5,996.5,1002.2,995.9,998.8,13.7,7.3,5.1,32.1,25.4,2
184,力林,2019-08-15,27.1,26.4,27.9,,10.6,261.6,6.6,270,4.1,357480,270,25,79.6,89,31.6,991.9,995.9,993.1,994.2,13.7,8.9,6.8,27.4,25.5,1
184,力林,2019-08-16,27.7,25.7,30.9,4.5,11.2,278.4,7.1,290,4.4,376560,270,23.3,63.5,77,28.6,997.2,1003,995.1,999.5,13.7,4.6,4.4,28.9,23.7,2
184,力林,2019-08-17,28.8,25.7,32.6,,8.9,272.8,5.8,200,3,260640,230,21.5,50.5,65,25.7,1001.7,1006,1002.4,1004,13.7,0,0,30.9,22.3,2
184,力林,2019-08-18,27.2,25.9,29.7,,5.6,284.1,3.5,290,2,173160,20,21.3,51.6,71,25.5,1004.9,1008.9,1005.1,1007.3,13.7,7,4.5,30,22.4,3
184,力林,2019-08-19,26.3,24.6,29.1,,5.6,22.5,4,20,1.9,162720,20,22.5,65.3,80,27.3,1006.6,1009.8,1008.1,1009,13.7,6.3,1.3,30,21.2,4
184,力林,2019-08-20,27.1,25.7,30.1,0.1,11.4,45,6.9,50,3.4,296640,50,24.9,71.6,88,31.5,1006.2,1009.6,1007.3,1008.5,13.7,6.6,4,31.4,24.3,2
184,力林,2019-08-21,28.1,25.3,31.6,3.4,5.4,101.3,3.9,20,1.3,112320,20,24.8,66.7,83,31.4,1005.9,1009.4,1007,1008.2,13.7,6.8,5.6,31.3,23,1
184,力林,2019-08-22,28.5,25.8,31.8,6.3,13.4,225,7.2,250,3.2,280080,250,24.9,69.1,82,31.6,1005.5,1009.7,1006.4,1007.9,13.7,6.5,3.4,29.6,23.3,1
184,力林,2019-08-23,27.4,26.2,30.7,,6.1,340.3,4.3,320,2.1,177480,320,21.2,51.2,70,25.4,1008.2,1011.9,1009.2,1010.5,13.7,8,5.4,27.9,23,2
184,力林,2019-08-24,27,25.2,28.8,,7.1,25.3,4.8,20,2.1,178560,180,17,41.6,55,19.6,1009.6,1013.4,1011,1012,13.7,8.3,6,28.3,20.4,2
184,力林,2019-08-25,25.5,23.3,27.7,0.1,10.7,30.9,7.1,70,2.1,183600,50,18.7,51.9,67,21.7,1011.1,1014.8,1012.1,1013.5,13.7,9.8,8.4,26.6,21.6,3
184,力林,2019-08-26,25.9,23.5,28.3,0.3,10.8,112.5,6.1,70,2.7,231480,50,22.8,66.5,84,27.8,1008.7,1013.4,1009.4,1011.1,13.7,9.1,6.1,26.5,21.7,3
184,力林,2019-08-27,26.9,24.5,31,87.2,10.9,295.3,6.5,270,2.9,249480,250,24.8,70.6,89,31.3,1005.2,1009.8,1005.7,1007.5,13.7,9.9,6,26.5,24.1,1
184,力林,2019-08-28,24.8,23,27,33.3,9,14.1,6,20,1.9,167040,180,23.2,71.7,92,28.6,1005.8,1010.3,1006.5,1008.2,13.7,10,5.8,25.4,22,2
184,力林,2019-08-29,23.3,21.3,25.4,68.9,7.5,180,4.6,320,2.5,211680,230,20.9,72.6,87,24.8,1006.4,1010.1,1006.4,1008.8,13.7,9.8,6,23.7,20.7,2
184,力林,2019-08-30,25.5,22.2,28.8,,6.5,275.6,4.2,340,2.6,221760,290,19.1,52.6,69,22.3,1009.1,1013.9,1008.7,1011.4,13.7,2.5,1.8,26.3,17.7,4
184,力林,2019-08-31,24.9,20.8,28.2,,5,174.4,3.6,20,2.1,180720,180,17.5,51.1,64,20.1,1012.7,1016.7,1013.6,1015.1,13.7,5,1.3,27.4,16.9,4
184,力林,2019-09-01,23.3,20.6,26.3,26.1,7.6,73.1,4.2,90,2,173160,180,19.5,57.8,81,22.8,1014.3,1017.9,1015.7,1016.7,12.8,9.8,5.5,23.9,19.8,2
184,力林,2019-09-02,24.1,21.9,26.6,25.7,11.1,28.1,6.8,20,2.3,197640,70,23,80.2,94,28,1012.5,1016.8,1013.7,1014.9,12.8,9.4,4.5,25.1,21.1,3
184,力林,2019-09-03,24.8,22.4,26.7,13.9,11.1,264.4,6.2,230,2.3,196200,50,23.5,83.2,93,29,1011.3,1015.8,1012.5,1013.7,12.8,8.8,5.3,25.8,21.7,2
184,力林,2019-09-04,24.7,23.7,27.9,43,7.4,135,4.5,140,1.4,119880,180,23.2,75.9,92,28.5,1009.7,1014.5,1010.6,1012.1,12.8,8.4,6,23.9,21.3,1
184,力林,2019-09-05,26.2,23.4,30.4,7,7.6,98.4,4.2,70,1.7,144000,110,24.1,70.8,89,30.1,1008.1,1012.2,1009.3,1010.5,12.8,8.1,5.6,25.7,20.8,1
184,力林,2019-09-06,26.8,25.1,28.6,68.8,20.9,120.9,10.6,90,4.4,379440,70,24.9,77.8,90,31.6,1000.3,1009.9,992.4,1002.6,12.8,9.8,7.4,25.7,23.7,1
184,力林,2019-09-07,27.6,24.9,30.3,34.3,28.5,110,12.4,160,6.5,5656,230,23.7,63,80,29.3,998.4,1008.2,987.9,1000.7,12.7,6.5,4.4,28,22,1
184,力林,2019-09-08,24.5,23.4,26.3,19,6.4,112.5,4.4,70,2,168480,50,23.5,85.2,95,29,1005.8,1009.3,1007.2,1008.2,12.8,9.4,5.8,25.7,22.3,2
184,力林,2019-09-09,26.2,23.7,29,24.7,9.3,109.7,5.3,70,2.7,235800,70,24.8,80.6,93,31.4,1004.7,1010,1004.9,1007,12.8,8.9,4.9,25.7,22.3,1
184,力林,2019-09-10,27,24,29.4,,5.9,56.3,3.9,50,1.7,150480,20,23,63.9,80,28,1010.4,1014.7,1009.6,1012.7,12.8,7,4.1,27.8,21.1,3
184,力林,2019-09-11,26,24.1,29.3,5,5.8,295.3,3.8,20,1.9,163800,360,23.9,76.2,89,29.6,1012,1015.5,1013.2,1014.4,12.8,7.4,7.1,28.3,22.6,1
184,力林,2019-09-12,24.1,23,25.1,0.6,10.7,59.1,4.9,90,3.3,282240,70,21.6,75.5,86,25.8,1012,1015.6,1013.4,1014.4,12.8,9.4,7.1,25.2,22.4,3
184,力林,2019-09-13,24,22.1,26.7,,11.3,45,7,50,3,259200,70,18.8,64.9,73,21.7,1010.4,1014.1,1011,1012.8,12.8,3.9,3.9,25.5,18.8,4
184,力林,2019-09-14,24.3,21.7,26.9,,5.3,45,4.1,20,2.2,187200,20,19.7,55.6,77,23,1009.7,1013.1,1010.9,1012.1,12.8,1.6,1.4,26.8,18.1,4
184,力林,2019-09-15,24.6,22.9,26.9,,5.1,317.8,3.7,20,2,169920,20,21.7,75.3,84,26,1007.9,1012.2,1008.9,1010.3,12.8,3.9,3.1,28.3,19.5,4
184,力林,2019-09-16,24.6,23.6,27,,5.9,2.8,4,20,2,171360,20,21.4,71.4,83,25.5,1007.8,1011.5,1008.9,1010.2,12.8,5.3,5,28.8,21.2,4
184,力林,2019-09-17,23.8,22,25.8,,10.5,50.6,6,50,2.7,236520,50,17.3,57.7,67,19.8,1011.5,1015.4,1011.4,1013.9,12.8,2.5,2.5,26.4,17.1,4
184,力林,2019-09-18,23.3,20.6,27.6,,7.5,351.6,4.6,360,2.4,207000,320,17.3,55.2,70,20.1,1013.7,1017.6,1013.7,1016.1,12.8,3.9,2.4,27.1,16.3,4
184,力林,2019-09-19,22.8,19.3,25.9,,13.7,50.6,7.3,50,3.2,272520,50,15.9,48.2,66,18.1,1014.3,1018,1015.8,1016.7,12.8,3.5,2.9,27,15.1,4
184,力林,2019-09-20,22.5,19.9,25,,15.3,56.3,7.6,50,4,347040,70,17.3,60.8,73,19.8,1012.2,1015.9,1013.1,1014.6,12.8,7,4.3,25.7,15.8,4
184,力林,2019-09-21,20.5,19.1,21.7,156,18.7,50.6,10.4,70,5.5,471600,70,19,76.5,91,22,1010.3,1015.2,1007.7,1012.7,12.8,10,6.6,21.2,18.7,2
184,力林,2019-09-22,20.4,19.1,21.7,126.2,30.4,33.8,17.4,20,8.8,761760,70,18.8,71.3,91,21.7,999.4,1008,995,1001.8,12.8,9.8,7.6,19.8,17.9,2
184,力林,2019-09-23,21,18.4,24.5,,7.7,309.4,5.1,340,,,,16,0,74,18.3,1012.2,1018.1,0,1014.6,12.8,6.4,6,22.1,13.1,4
184,力林,2019-09-24,20.4,16.7,25.2,,6.3,36.6,3.5,360,1.9,167040,180,12.6,45.5,62,14.7,1016.7,1020.6,1017.6,1019.1,12.8,2.9,0.5,20.3,12.6,4
184,力林,2019-09-25,21.8,18.3,25.2,,8.1,28.1,5.7,50,2.6,226800,160,15.3,45.5,68,17.5,1018.7,1022.4,1019.9,1021.1,12.8,6.6,2.4,22.4,13.1,4
184,力林,2019-09-26,23.8,21.3,27.7,1,12.8,95.6,6.5,50,3.6,312840,70,21.1,66,85,25,1019,1022.2,1020.6,1021.4,12.8,5.1,5.1,24.9,18.5,3
184,力林,2019-09-27,23.8,22.7,25.7,36,9.3,84.4,5.6,70,3.2,275400,70,22.8,85.5,94,27.8,1018,1022,1019.1,1020.4,12.8,8,6.3,24.3,20.6,2
184,力林,2019-09-28,24.1,23.1,25.6,0.7,6.5,84.4,4.6,50,1.9,159840,50,23.7,91.5,98,29.2,1015.2,1019.1,1016.4,1017.6,12.8,9,5.1,24.9,21.3,3
184,力林,2019-09-29,24.1,22.9,26.3,,5.2,11.3,3.9,20,1.6,135720,20,22.9,79,94,27.9,1014,1017.3,1015.2,1016.4,12.8,8.6,7.3,25.3,22.2,4
184,力林,2019-09-30,23.6,22,26.8,22.6,7,177.2,4.2,160,1.2,106200,20,22.2,77.5,92,26.7,1014.1,1017.7,1015.7,1016.5,12.8,8,5,24.5,19.8,3
184,力林,2019-10-01,23.4,20.5,26.4,36.3,10.5,109.7,4.9,90,2.5,213120,90,21.5,78.7,89,25.7,1014.1,1018.5,1015.1,1016.5,11.8,10,6.3,23.7,19.8,2
184,力林,2019-10-02,24.8,20.6,27.3,136.2,18.1,216.6,9.6,230,5.3,457560,180,22.6,73,88,27.3,1001.1,1015.1,995.9,1003.5,11.8,8.8,6.5,23,20,2
184,力林,2019-10-03,23.4,21.9,26.2,0.2,18.3,236.3,10.5,250,4.8,418320,270,20.9,76.6,87,24.8,1007.5,1013.1,1001.4,1009.9,11.8,7.1,4,23.5,18.6,4
184,力林,2019-10-04,23.1,21.2,26.1,,5.6,320.6,3.6,340,2,176040,230,19.6,69.3,81,22.8,1011.6,1015.3,1012.4,1014,11.8,2.6,2.6,22.8,17.3,4
184,力林,2019-10-05,20.8,18.4,23.2,,8.5,292.5,5.5,290,3,257040,320,16.4,69.6,76,18.7,1015,1019.9,1015,1017.4,11.8,8.1,6.5,21.5,15.1,3
184,力林,2019-10-06,20.8,17,24.6,1,12,0,6.2,70,2.7,232920,70,16.6,63.6,78,19,1018.3,1022,1019.6,1020.7,11.8,5.8,5,21.5,13.4,4
184,力林,2019-10-07,21.8,20.2,23.6,,11.1,261.6,6.7,290,3.4,291960,320,17,66,74,19.4,1015,1020.6,1015.6,1017.4,11.8,8.9,6,21.4,18.5,3
184,力林,2019-10-08,20.5,17.4,24,,9.5,292.5,5.7,320,3.6,313920,320,12.8,50.9,62,14.8,1017.4,1021.9,1017.7,1019.8,11.8,5.4,5,20.7,11.5,4
184,力林,2019-10-09,17.6,14.2,21.5,,6.1,25.3,3.5,340,1.8,156960,180,6.8,39.8,50,10,1016.9,1021.6,1017.3,1019.3,11.8,0.5,0,19.5,7.5,4
184,力林,2019-10-10,19,14,23.1,,5.8,45,4.1,20,2,172800,160,8.3,34.3,51,11.2,1013.3,1017.6,1014.1,1015.7,11.8,0,0,19.8,7.3,4
184,力林,2019-10-11,21,17.1,23.9,,5.8,33.8,4.2,20,2.1,177480,160,12.2,47.4,58,14.4,1010.8,1015.2,1011.6,1013.2,11.8,0,0,21.7,12,4
184,力林,2019-10-12,21.4,18.7,24.8,,10.2,45,5.9,50,2.4,205200,50,13.6,44.6,62,15.6,1011.7,1017.4,1011.9,1014.1,11.8,1.5,1.5,22.4,13.8,4
184,力林,2019-10-13,19.7,17.1,22.8,,11.3,47.8,6.8,50,3.1,266760,110,12.4,50.8,63,14.4,1018.6,1023.1,1017.2,1021,11.8,2.6,2.6,21.2,13.2,4
184,力林,2019-10-14,19.3,16.7,23.2,,11.3,357.2,5.8,360,3,259920,360,13,59.6,67,15.1,1022.5,1027.3,1022.8,1024.9,11.8,4.4,4.4,21.3,14,4
184,力林,2019-10-15,17.4,15.2,19.1,3.2,10.1,22.5,5.8,360,2.3,196920,140,12,55.5,71,14.2,1024,1027.7,1025.3,1026.5,11.8,7.9,7,18.7,11.7,2
184,力林,2019-10-16,18.1,15.8,21.3,,8.3,33.8,4.8,70,2.3,195480,70,10.2,46.2,61,12.5,1022.9,1026.9,1024.1,1025.4,11.8,3.3,3,19.2,10.4,4
184,力林,2019-10-17,19.3,16.2,21.8,,13.1,92.8,7.1,70,3.1,267480,70,13.3,51.8,69,15.3,1020,1024.3,1021.3,1022.4,11.8,8.8,5.5,20.1,12.2,4
184,力林,2019-10-18,19.1,18.1,20.5,8.3,12,36.6,6.1,50,3.3,286920,50,17.2,64.5,89,19.6,1016.8,1021.5,1017.4,1019.2,11.8,9.9,7.9,19.3,17.3,2
184,力林,2019-10-19,19.8,17.7,22.7,,7,337.5,4,360,2.3,201600,360,15.3,62.1,76,17.4,1018.1,1021.7,1018.6,1020.5,11.8,6,6,20.9,14.4,4
184,力林,2019-10-20,19.1,15.4,21.8,,7.6,50.6,5.2,50,2.3,199800,160,14.1,61.5,73,16.1,1018.1,1022.7,1019.2,1020.6,11.8,4,4,18.5,11.3,4
184,力林,2019-10-21,19.9,17.4,22.9,,9.2,33.8,5.8,50,2.8,243720,140,13.1,53.4,66,15.1,1014.7,1019.2,1015.6,1017.1,11.8,4.1,4.1,19.2,12.7,4
184,力林,2019-10-22,20.8,18.6,22.5,0.5,10.6,64.7,5.8,70,3,259560,50,14.8,61.8,69,16.9,1013.7,1017.3,1015.3,1016.1,11.8,7.6,6.6,20.9,14.1,4
184,力林,2019-10-23,20.3,19.2,21.8,0.6,10.5,45,6.7,50,3.1,266760,70,16.4,70,79,18.7,1013.5,1017.2,1014.8,1015.9,11.8,9.4,4.8,20,16.5,3
184,力林,2019-10-24,20.1,18.4,22.3,2.3,12.7,42.2,8.3,50,3.4,294480,50,14.5,58.2,71,16.6,1014.4,1018.1,1015.2,1016.8,11.8,7.3,4.4,19.7,13.6,3
184,力林,2019-10-25,20.1,16.8,23.5,,7.3,11.3,4.2,290,2.6,222480,340,14.3,51.8,70,16.3,1015.7,1019.9,1016.5,1018.2,11.8,4.4,1.5,19.2,12,4
184,力林,2019-10-26,16.5,15.5,19.4,,11.3,337.5,6.3,320,4.4,379080,320,9.3,51.6,63,11.8,1017.4,1021,1018.7,1019.9,11.8,8.5,7.3,17.5,13.3,3
184,力林,2019-10-27,16,13.7,18.7,,7.8,289.7,4.5,20,2.7,230040,320,7.6,47,58,10.4,1017.6,1021.8,1018.9,1020.1,11.8,5.8,3.6,17.9,7.7,3
184,力林,2019-10-28,15.7,11.9,19.2,,5.3,42.2,3.5,160,2,170280,180,9,46.8,65,11.6,1015.3,1020,1015.9,1017.8,11.8,5.8,1.4,17.4,7.4,4
184,力林,2019-10-29,17.9,15.2,20.8,,8.1,306.6,5,290,3.1,271800,290,9.1,42.3,58,11.7,1015.5,1020.7,1015.2,1017.9,11.8,3.3,2.9,18.1,9.5,4
184,力林,2019-10-30,16.3,13.7,19.5,,8.5,11.3,4.1,270,2.7,228960,320,8.2,49.7,59,10.9,1020,1024,1020.5,1022.5,11.8,3,3,18.3,7.9,4
184,力林,2019-10-31,16.5,12.1,20.7,,6.6,326.3,3.8,320,2.4,205920,160,8.9,49.6,62,11.5,1020.1,1023.8,1021.1,1022.6,11.8,0,0,17,6.5,4
184,力林,2019-11-01,18.3,15.6,22,,5,329.1,3.6,200,2.3,200520,180,12.1,52,68,14.3,1019.5,1023.5,1020.6,1021.9,10.8,2.4,2.4,18.6,8.2,4
184,力林,2019-11-02,18.6,15.6,22.7,,9,42.2,6.2,50,2.5,213480,160,13.9,56.1,75,15.9,1017.2,1021.5,1018,1019.6,10.8,5.4,3.1,18.4,10,4
184,力林,2019-11-03,17.5,15.2,20.4,,5,22.5,3.3,360,1.7,148680,160,12.9,57.8,75,15,1016.9,1021.3,1018.2,1019.4,10.8,6.9,4.3,17.9,9.6,3
184,力林,2019-11-04,17.3,13.5,20.6,,8.1,39.4,5.6,50,2.3,202680,160,12.4,56.1,73,14.5,1018.4,1022.3,1019.8,1020.8,10.8,4.4,3.8,17.9,8.1,4
184,力林,2019-11-05,17.3,14.6,20.3,,6.3,28.1,4,50,2.1,185040,360,11,55.9,67,13.1,1017,1020.8,1018.5,1019.5,10.8,4.3,3.9,18.8,8.9,4
184,力林,2019-11-06,15.8,12.3,19.4,,5.3,16.9,3.6,20,2.1,179280,180,8.2,47.4,61,10.9,1015.1,1019.5,1015.8,1017.6,10.8,1.6,0.3,17.2,6.7,4
184,力林,2019-11-07,15.9,13.4,19.3,,9.2,303.8,5.3,320,2.9,246960,320,8.6,49.4,62,11.2,1016.3,1021,1016.7,1018.8,10.8,6.9,4.3,17.3,7.9,3
184,力林,2019-11-08,13.8,12.4,17.3,,8.3,298.1,4.9,320,3.1,269640,320,5.7,50,58,9.1,1018.6,1022.2,1020.1,1021.1,10.8,3.6,3.6,16.5,9.1,3
184,力林,2019-11-09,14.4,11.9,18.1,,9.9,5.6,5.9,360,3,261720,360,5.4,41.3,56,9,1019,1023.4,1020.4,1021.5,10.8,0,0,15.3,5.9,4
184,力林,2019-11-10,15.5,10.3,19.7,2.9,14.5,0,8.4,270,3.3,286200,160,8.6,50.7,64,11.4,1011.5,1020.5,1008.8,1013.9,10.8,7.3,3,15.3,4.4,3
184,力林,2019-11-11,17.1,15.3,19.5,,15.2,281.3,8.9,290,5.1,442440,290,9.3,48.4,60,11.7,1012.3,1019.4,1010.3,1014.8,10.8,6.3,6.3,15.8,12.3,3
184,力林,2019-11-12,14.7,12.1,17.9,,6.1,292.5,4.2,360,1.7,144720,180,7.1,51.2,61,10.1,1018.5,1022.6,1019,1021,10.8,4.8,2.5,14.4,6.6,3
184,力林,2019-11-13,15,11.8,18.3,1.7,20.9,320.6,9.7,340,2.9,250920,180,8.9,49,68,11.6,1017,1021.9,1016.5,1019.5,10.8,8.4,7.3,14.5,6.4,2
184,力林,2019-11-14,11.2,7.9,14.5,,15.6,315,8.8,320,4.1,352080,340,1.2,39.9,51,6.8,1021.6,1026,1021.7,1024.1,10.8,3,3,12.8,1.5,3
184,力林,2019-11-15,12.1,7,17.2,,6.8,50.6,4.1,90,2.1,180360,160,2.1,38.2,51,7.3,1018.8,1023.8,1019.6,1021.3,10.8,0,0,11.6,0.3,3
184,力林,2019-11-16,16,10.6,21.3,,7.9,312.2,5.2,320,2.1,184320,160,8.3,47.2,61,11.4,1017.8,1021.3,1019.3,1020.2,10.8,2.3,1.9,14,3.8,4
184,力林,2019-11-17,20.1,14.9,24.3,,10.3,202.5,5.8,230,2.3,196200,160,12.9,52.9,64,15,1014.7,1020.7,1014.2,1017.1,10.8,7.4,4.9,17.8,10.4,4
184,力林,2019-11-18,13.7,11.2,22.7,6.1,18.6,326.3,9.5,320,5.4,468360,320,8.6,54.6,72,11.6,1018.1,1023.8,1013.5,1020.6,10.8,9.8,7,14.9,10.6,2
184,力林,2019-11-19,10.6,9.9,12.3,,14.9,337.5,8.1,320,5.2,450360,340,1.2,46.8,52,6.7,1023.7,1029,1023.3,1026.2,10.8,8.5,8.5,11,8.7,2
184,力林,2019-11-20,9.9,7.8,12.5,,14.7,33.8,7.4,360,3.2,273960,360,1.7,48.3,57,6.9,1027.6,1031.9,1028.3,1030.2,10.8,3.5,3,11.4,2,3
184,力林,2019-11-21,13.1,7.8,17.1,,11.4,30.9,7.1,50,2.8,242280,50,6.8,50.6,66,10,1026.1,1030.9,1026.7,1028.6,10.8,3.1,2.5,11.5,1.6,3
184,力林,2019-11-22,17.1,13.5,21.8,,12.3,59.1,7.1,70,2.9,247680,90,12.8,56.9,76,14.8,1022.2,1026.7,1023.3,1024.7,10.8,3.5,3.3,14.8,8.2,4
184,力林,2019-11-23,18.1,14.5,21.7,,11.6,92.8,5.4,90,3,262800,90,13.3,58,74,15.4,1019.7,1025,1019.9,1022.1,10.8,3.5,2.4,16.1,9.9,4
184,力林,2019-11-24,17.3,13.7,19.5,4.7,12.8,320.6,6.6,360,2.8,239760,50,15.7,69.2,91,18.1,1017.6,1025.6,1017.5,1020,10.8,9,6,18.1,11.9,2
184,力林,2019-11-25,10.1,9.2,13.9,,9.9,320.6,5.8,340,3.7,318600,320,3.6,54.4,65,8,1025.3,1029.3,1025.3,1027.9,10.8,8.8,7,12.4,7.4,2
184,力林,2019-11-26,13.5,9.7,15.3,8.2,14,33.8,8.4,50,2.6,220680,90,9.6,66.2,78,12,1024.1,1028.3,1025.1,1026.7,10.8,9.9,8.8,13.2,9.5,1
184,力林,2019-11-27,11.1,9.3,14.8,3.8,13,30.9,7.6,20,4.7,407160,20,6.7,56.7,75,9.9,1023.7,1027.7,1025.4,1026.2,10.8,10,7.4,12.3,7,1
184,力林,2019-11-28,10.8,8.8,12.6,,11,19.7,7,360,3.6,313200,360,4.4,0,65,8.4,1025.3,1030.6,0,1027.8,10.8,7.6,5.9,11.1,6.2,2
184,力林,2019-11-29,9.7,6.9,12.6,,9,42.2,5.1,20,2.8,240480,360,0.8,37.8,55,6.6,1028.1,1031.9,1029.5,1030.7,10.8,1.6,1.6,9.8,0.7,3
184,力林,2019-11-30,12.5,6.9,18,0.1,7.2,329.1,4,320,2.1,180720,160,4.4,38.2,59,8.6,1025.1,1030.2,1025.6,1027.6,10.8,4.9,3,10.4,1,3
184,力林,2019-12-01,12.5,11.1,15.1,18.9,19.4,326.3,9.6,360,2.9,246600,70,10.3,73.2,87,12.6,1016.9,1026,1013.1,1019.4,10,9.9,7.4,12.3,9,1
184,力林,2019-12-02,9.9,7.4,11.8,,18.2,317.8,10.4,340,6,518400,320,2.9,43.5,62,7.6,1020.4,1026.8,1018.6,1022.9,10,9.3,8.3,9.8,6,2
184,力林,2019-12-03,9.5,7.5,10.8,,11.4,315,6.8,340,3.8,328320,320,0.3,44,53,6.2,1024.6,1028.7,1025.6,1027.2,10,8.3,8.3,8.5,5.8,2
184,力林,2019-12-04,11.3,10,14.1,,9.6,326.3,5.7,320,3.5,306000,320,1.6,41.8,52,6.9,1027.1,1031.7,1028.3,1029.6,10,6,5.8,9,4.7,2
184,力林,2019-12-05,8.7,5.7,11.5,,14.4,19.7,7.4,360,4.6,393480,360,-0.1,43.2,54,6.1,1031.5,1037.4,1030.8,1034.1,10,7.4,4.8,8.3,3.2,2
184,力林,2019-12-06,4.2,3.2,5.8,,11.3,36.6,6.7,360,4,347400,360,-3.7,41.7,56,4.7,1032.3,1037.8,1032.4,1034.9,10,7.8,4.9,5.7,-0.7,2
184,力林,2019-12-07,7.5,4.3,9.5,,12,5.6,5.8,360,3.8,324000,360,-1,40.6,55,5.7,1028,1032.6,1029.2,1030.6,10,8.1,8.1,7.1,-0.9,2
184,力林,2019-12-08,8.7,6,10.2,,11.5,33.8,6.1,360,2.9,253080,340,1.3,50.8,60,6.7,1025.7,1030.3,1027.4,1028.3,10,6.6,6.6,8.3,0.6,2
184,力林,2019-12-09,10.7,5.9,15.2,,8.9,281.3,4.8,250,2.4,206640,180,2.8,45.6,59,7.5,1022.1,1027.6,1023,1024.7,10,2.6,2.6,8.5,1,3
184,力林,2019-12-10,13.3,8.5,18.7,,8.8,258.8,5.5,270,2.7,234360,180,4.3,41,55,8.5,1018.3,1023.7,1019.1,1020.8,10,3.5,1.1,9.5,2.3,3
184,力林,2019-12-11,12.9,9.6,18,,14.3,320.6,8.2,320,4.1,355680,180,5.8,49.7,62,9.3,1017.3,1024.2,1016.8,1019.8,10,4.6,4,10.3,3.5,3
184,力林,2019-12-12,8.3,5.4,10.3,,14.4,309.4,6.8,320,3.6,314640,320,-0.6,43.4,54,5.9,1025.8,1030.3,1024.2,1028.4,10,4.6,3.9,8.6,-0.4,2
184,力林,2019-12-13,8.6,4.6,12.9,,4.9,171.6,3.2,160,1.7,146160,160,2.6,51.4,67,7.5,1024.7,1030,1025.6,1027.3,10,3.5,0.8,7.7,-1.3,3
184,力林,2019-12-14,10,6.9,12.7,,11.8,19.7,6.8,360,2.6,224640,360,3.4,45,65,8,1025,1029.2,1025.7,1027.6,10,6.8,4.1,9.3,0.1,2
184,力林,2019-12-15,12.5,6.9,17.4,,9.3,53.4,5.4,50,2.5,213840,90,6.4,57.3,67,9.8,1024.4,1028.4,1025.4,1026.9,10,6.4,5.3,9.4,0.1,3
184,力林,2019-12-16,14.9,12.2,18.2,0.1,9,140.6,5,90,2.5,211680,90,8.1,51.6,64,10.8,1019.4,1025.4,1018.3,1021.9,10,5.6,3.4,11.8,5.6,3
184,力林,2019-12-17,14.1,10.9,17.6,7.3,11.6,317.8,6.1,320,3.2,279360,270,12.2,68.6,89,14.6,1014.8,1020.9,1015,1017.3,10,9.9,6.3,13.1,9.1,2
184,力林,2019-12-18,8.8,7.4,10.9,,9.5,329.1,5.6,320,4,342000,320,2.9,59.2,67,7.6,1021.4,1026,1020.3,1024,10,8.8,7.9,9.6,6.3,2
184,力林,2019-12-19,7.8,7,9.4,,10.1,326.3,5.7,340,3.6,310680,320,0.6,55.6,61,6.4,1023.7,1030,1023.7,1026.3,10,8.8,6.6,8.4,3.7,2
184,力林,2019-12-20,8.4,6.9,11.1,,9.9,334.7,5.3,360,2.9,250200,320,0.2,45.8,56,6.2,1026.7,1031.7,1027.3,1029.3,10,8.1,7,7.8,0.3,2
184,力林,2019-12-21,8,5.6,10.1,,5.6,123.8,3.7,20,1.7,149400,140,1,48.3,62,6.6,1023.9,1029.4,1022.6,1026.5,10,8.9,7.5,7.3,0,2
184,力林,2019-12-22,9.6,6.8,11.6,1,9.9,70.3,5.3,70,2.1,185040,70,4.3,52.3,70,8.3,1017.2,1022.9,1017.5,1019.7,10,6.3,4.5,8.5,0.3,2
184,力林,2019-12-23,9.4,6.7,12.4,,10.5,16.9,5.4,360,3.1,267480,290,3.1,57.9,65,7.7,1020.3,1025.9,1020.1,1022.9,10,5.5,5.3,7.7,-0.5,2
184,力林,2019-12-24,9.2,7.3,11.9,,6.8,50.6,4.6,50,2.3,195480,20,2.6,52.5,64,7.4,1023,1027.3,1023.7,1025.6,10,4.6,2.1,8.3,1.1,3
184,力林,2019-12-25,11.4,7,15.1,0.1,9,33.8,5.3,50,2.1,182520,50,7.6,59.6,78,10.7,1018.4,1025.8,1016.7,1021,10,7.3,4.3,9.5,-0.4,2
184,力林,2019-12-26,9.9,6.7,13.1,9.4,18.9,337.5,10.4,320,4.5,386280,320,6.1,59.9,78,9.6,1014,1022,1013.2,1016.5,10,9.8,7.1,9.6,4.5,1
184,力林,2019-12-27,6.7,5.7,7.3,,17.5,292.5,9.5,320,5.2,449640,320,-1.7,47,55,5.4,1023,1028.1,1021.8,1025.6,10,8.6,8.6,6.2,4.1,2
184,力林,2019-12-28,7.7,6.1,9.7,,6.6,303.8,4,340,2,169920,110,-0.2,47,58,6,1025.7,1030.2,1027.1,1028.3,10,4.8,3.8,7.2,1.1,3
184,力林,2019-12-29,11.8,7.1,16.4,11.4,10.8,275.6,5.9,290,2.9,246600,90,8.7,64.7,82,11.6,1020.3,1028.3,1019.5,1022.9,10,9.6,7,9.3,1.1,1
184,力林,2019-12-30,11.5,6.3,13.6,,14,295.3,7.7,340,3.8,324000,290,7.3,61,76,10.4,1021.7,1029.8,1020.7,1024.2,10,8.5,7.1,10.8,5.8,2
184,力林,2019-12-31,2.9,1.8,6.4,,17.3,309.4,10,320,5.3,456840,320,-3.8,49.6,62,4.6,1031.3,1036.4,1029.7,1033.9,10,8.6,8.6,5.4,1.5,2
,,,,,,,,,,,,,,,,,,,,,,,,,,,
,,,,,,,,,,,,,,,,,,,,,,,,,,,
,,,,,,,,,,,,,,,,,,,,,,,,,,,
,,,,,,,,,,,,,,,,,,,,,,,,,,,
,,,,,,,,,,,,,,,,,,,,,,,,,,,
,,,,,,,,,,,,,,,,,,,,,,,,,,,
,,,,,,,,,,,,,,,,,,,,,,,,,,,
,,,,,,,,,,,,,,,,,,,,,,,,,,,
,,,,,,,,,,,,,,,,,,,,,,,,,,,
,,,,,,,,,,,,,,,,,,,,,,,,,,,
,,,,,,,,,,,,,,,,,,,,,,,,,,,
,,,,,,,,,,,,,,,,,,,,,,,,,,,
,,,,,,,,,,,,,,,,,,,,,,,,,,,
,,,,,,,,,,,,,,,,,,,,,,,,,,,
,,,,,,,,,,,,,,,,,,,,,,,,,,,
,,,,,,,,,,,,,,,,,,,,,,,,,,,
,,,,,,,,,,,,,,,,,,,,,,,,,,,
,,,,,,,,,,,,,,,,,,,,,,,,,,,
,,,,,,,,,,,,,,,,,,,,,,,,,,,
,,,,,,,,,,,,,,,,,,,,,,,,,,,
,,,,,,,,,,,,,,,,,,,,,,,,,,,
,,,,,,,,,,,,,,,,,,,,,,,,,,,
,,,,,,,,,,,,,,,,,,,,,,,,,,,
,,,,,,,,,,,,,,,,,,,,,,,,,,,
,,,,,,,,,,,,,,,,,,,,,,,,,,,
,,,,,,,,,,,,,,,,,,,,,,,,,,,
,,,,,,,,,,,,,,,,,,,,,,,,,,,
,,,,,,,,,,,,,,,,,,,,,,,,,,,
,,,,,,,,,,,,,,,,,,,,,,,,,,,
,,,,,,,,,,,,,,,,,,,,,,,,,,,
,,,,,,,,,,,,,,,,,,,,,,,,,,,
,,,,,,,,,,,,,,,,,,,,,,,,,,,
,,,,,,,,,,,,,,,,,,,,,,,,,,,
,,,,,,,,,,,,,,,,,,,,,,,,,,,
,,,,,,,,,,,,,,,,,,,,,,,,,,,
,,,,,,,,,,,,,,,,,,,,,,,,,,,
,,,,,,,,,,,,,,,,,,,,,,,,,,,
,,,,,,,,,,,,,,,,,,,,,,,,,,,
,,,,,,,,,,,,,,,,,,,,,,,,,,,
,,,,,,,,,,,,,,,,,,,,,,,,,,,
,,,,,,,,,,,,,,,,,,,,,,,,,,,
,,,,,,,,,,,,,,,,,,,,,,,,,,,
,,,,,,,,,,,,,,,,,,,,,,,,,,,
,,,,,,,,,,,,,,,,,,,,,,,,,,,
,,,,,,,,,,,,,,,,,,,,,,,,,,,
,,,,,,,,,,,,,,,,,,,,,,,,,,,
,,,,,,,,,,,,,,,,,,,,,,,,,,,
,,,,,,,,,,,,,,,,,,,,,,,,,,,
,,,,,,,,,,,,,,,,,,,,,,,,,,,
,,,,,,,,,,,,,,,,,,,,,,,,,,,
,,,,,,,,,,,,,,,,,,,,,,,,,,,
,,,,,,,,,,,,,,,,,,,,,,,,,,,
,,,,,,,,,,,,,,,,,,,,,,,,,,,
,,,,,,,,,,,,,,,,,,,,,,,,,,,
,,,,,,,,,,,,,,,,,,,,,,,,,,,
,,,,,,,,,,,,,,,,,,,,,,,,,,,
,,,,,,,,,,,,,,,,,,,,,,,,,,,
,,,,,,,,,,,,,,,,,,,,,,,,,,,
,,,,,,,,,,,,,,,,,,,,,,,,,,,
,,,,,,,,,,,,,,,,,,,,,,,,,,,
,,,,,,,,,,,,,,,,,,,,,,,,,,,
,,,,,,,,,,,,,,,,,,,,,,,,,,,
,,,,,,,,,,,,,,,,,,,,,,,,,,,
,,,,,,,,,,,,,,,,,,,,,,,,,,,
,,,,,,,,,,,,,,,,,,,,,,,,,,,
,,,,,,,,,,,,,,,,,,,,,,,,,,,
,,,,,,,,,,,,,,,,,,,,,,,,,,,
,,,,,,,,,,,,,,,,,,,,,,,,,,,
,,,,,,,,,,,,,,,,,,,,,,,,,,,
,,,,,,,,,,,,,,,,,,,,,,,,,,,
,,,,,,,,,,,,,,,,,,,,,,,,,,,
,,,,,,,,,,,,,,,,,,,,,,,,,,,
,,,,,,,,,,,,,,,,,,,,,,,,,,,
,,,,,,,,,,,,,,,,,,,,,,,,,,,
,,,,,,,,,,,,,,,,,,,,,,,,,,,
,,,,,,,,,,,,,,,,,,,,,,,,,,,
,,,,,,,,,,,,,,,,,,,,,,,,,,,
,,,,,,,,,,,,,,,,,,,,,,,,,,,
,,,,,,,,,,,,,,,,,,,,,,,,,,,
,,,,,,,,,,,,,,,,,,,,,,,,,,,
,,,,,,,,,,,,,,,,,,,,,,,,,,,
,,,,,,,,,,,,,,,,,,,,,,,,,,,
,,,,,,,,,,,,,,,,,,,,,,,,,,,
,,,,,,,,,,,,,,,,,,,,,,,,,,,
,,,,,,,,,,,,,,,,,,,,,,,,,,,
,,,,,,,,,,,,,,,,,,,,,,,,,,,
,,,,,,,,,,,,,,,,,,,,,,,,,,,
,,,,,,,,,,,,,,,,,,,,,,,,,,,
,,,,,,,,,,,,,,,,,,,,,,,,,,,
,,,,,,,,,,,,,,,,,,,,,,,,,,,
,,,,,,,,,,,,,,,,,,,,,,,,,,,
,,,,,,,,,,,,,,,,,,,,,,,,,,,
,,,,,,,,,,,,,,,,,,,,,,,,,,,
,,,,,,,,,,,,,,,,,,,,,,,,,,,
,,,,,,,,,,,,,,,,,,,,,,,,,,,
,,,,,,,,,,,,,,,,,,,,,,,,,,,
,,,,,,,,,,,,,,,,,,,,,,,,,,,
,,,,,,,,,,,,,,,,,,,,,,,,,,,
,,,,,,,,,,,,,,,,,,,,,,,,,,,
,,,,,,,,,,,,,,,,,,,,,,,,,,,
,,,,,,,,,,,,,,,,,,,,,,,,,,,
,,,,,,,,,,,,,,,,,,,,,,,,,,,
,,,,,,,,,,,,,,,,,,,,,,,,,,,
,,,,,,,,,,,,,,,,,,,,,,,,,,,
,,,,,,,,,,,,,,,,,,,,,,,,,,,
,,,,,,,,,,,,,,,,,,,,,,,,,,,
,,,,,,,,,,,,,,,,,,,,,,,,,,,
,,,,,,,,,,,,,,,,,,,,,,,,,,,
,,,,,,,,,,,,,,,,,,,,,,,,,,,
,,,,,,,,,,,,,,,,,,,,,,,,,,,
,,,,,,,,,,,,,,,,,,,,,,,,,,,
,,,,,,,,,,,,,,,,,,,,,,,,,,,
,,,,,,,,,,,,,,,,,,,,,,,,,,,
,,,,,,,,,,,,,,,,,,,,,,,,,,,
,,,,,,,,,,,,,,,,,,,,,,,,,,,
,,,,,,,,,,,,,,,,,,,,,,,,,,,
,,,,,,,,,,,,,,,,,,,,,,,,,,,
,,,,,,,,,,,,,,,,,,,,,,,,,,,
,,,,,,,,,,,,,,,,,,,,,,,,,,,
,,,,,,,,,,,,,,,,,,,,,,,,,,,
,,,,,,,,,,,,,,,,,,,,,,,,,,,
,,,,,,,,,,,,,,,,,,,,,,,,,,,
,,,,,,,,,,,,,,,,,,,,,,,,,,,
,,,,,,,,,,,,,,,,,,,,,,,,,,,
,,,,,,,,,,,,,,,,,,,,,,,,,,,
,,,,,,,,,,,,,,,,,,,,,,,,,,,
,,,,,,,,,,,,,,,,,,,,,,,,,,,
,,,,,,,,,,,,,,,,,,,,,,,,,,,
,,,,,,,,,,,,,,,,,,,,,,,,,,,
,,,,,,,,,,,,,,,,,,,,,,,,,,,
,,,,,,,,,,,,,,,,,,,,,,,,,,,
,,,,,,,,,,,,,,,,,,,,,,,,,,,
,,,,,,,,,,,,,,,,,,,,,,,,,,,
,,,,,,,,,,,,,,,,,,,,,,,,,,,
,,,,,,,,,,,,,,,,,,,,,,,,,,,
,,,,,,,,,,,,,,,,,,,,,,,,,,,
,,,,,,,,,,,,,,,,,,,,,,,,,,,
,,,,,,,,,,,,,,,,,,,,,,,,,,,
,,,,,,,,,,,,,,,,,,,,,,,,,,,
,,,,,,,,,,,,,,,,,,,,,,,,,,,
,,,,,,,,,,,,,,,,,,,,,,,,,,,
,,,,,,,,,,,,,,,,,,,,,,,,,,,
,,,,,,,,,,,,,,,,,,,,,,,,,,,
,,,,,,,,,,,,,,,,,,,,,,,,,,,
,,,,,,,,,,,,,,,,,,,,,,,,,,,
,,,,,,,,,,,,,,,,,,,,,,,,,,,
,,,,,,,,,,,,,,,,,,,,,,,,,,,
,,,,,,,,,,,,,,,,,,,,,,,,,,,
,,,,,,,,,,,,,,,,,,,,,,,,,,,
,,,,,,,,,,,,,,,,,,,,,,,,,,,
,,,,,,,,,,,,,,,,,,,,,,,,,,,
,,,,,,,,,,,,,,,,,,,,,,,,,,,
,,,,,,,,,,,,,,,,,,,,,,,,,,,
,,,,,,,,,,,,,,,,,,,,,,,,,,,
,,,,,,,,,,,,,,,,,,,,,,,,,,,
,,,,,,,,,,,,,,,,,,,,,,,,,,,
,,,,,,,,,,,,,,,,,,,,,,,,,,,
,,,,,,,,,,,,,,,,,,,,,,,,,,,
,,,,,,,,,,,,,,,,,,,,,,,,,,,
,,,,,,,,,,,,,,,,,,,,,,,,,,,
,,,,,,,,,,,,,,,,,,,,,,,,,,,
,,,,,,,,,,,,,,,,,,,,,,,,,,,
,,,,,,,,,,,,,,,,,,,,,,,,,,,
,,,,,,,,,,,,,,,,,,,,,,,,,,,
,,,,,,,,,,,,,,,,,,,,,,,,,,,
,,,,,,,,,,,,,,,,,,,,,,,,,,,
,,,,,,,,,,,,,,,,,,,,,,,,,,,
,,,,,,,,,,,,,,,,,,,,,,,,,,,
,,,,,,,,,,,,,,,,,,,,,,,,,,,
,,,,,,,,,,,,,,,,,,,,,,,,,,,
,,,,,,,,,,,,,,,,,,,,,,,,,,,
,,,,,,,,,,,,,,,,,,,,,,,,,,,
,,,,,,,,,,,,,,,,,,,,,,,,,,,
,,,,,,,,,,,,,,,,,,,,,,,,,,,
,,,,,,,,,,,,,,,,,,,,,,,,,,,
,,,,,,,,,,,,,,,,,,,,,,,,,,,
,,,,,,,,,,,,,,,,,,,,,,,,,,,
,,,,,,,,,,,,,,,,,,,,,,,,,,,
,,,,,,,,,,,,,,,,,,,,,,,,,,,
,,,,,,,,,,,,,,,,,,,,,,,,,,,
,,,,,,,,,,,,,,,,,,,,,,,,,,,
,,,,,,,,,,,,,,,,,,,,,,,,,,,
,,,,,,,,,,,,,,,,,,,,,,,,,,,
,,,,,,,,,,,,,,,,,,,,,,,,,,,
,,,,,,,,,,,,,,,,,,,,,,,,,,,
,,,,,,,,,,,,,,,,,,,,,,,,,,,
,,,,,,,,,,,,,,,,,,,,,,,,,,,
,,,,,,,,,,,,,,,,,,,,,,,,,,,
,,,,,,,,,,,,,,,,,,,,,,,,,,,
,,,,,,,,,,,,,,,,,,,,,,,,,,,
,,,,,,,,,,,,,,,,,,,,,,,,,,,
,,,,,,,,,,,,,,,,,,,,,,,,,,,
,,,,,,,,,,,,,,,,,,,,,,,,,,,
,,,,,,,,,,,,,,,,,,,,,,,,,,,
,,,,,,,,,,,,,,,,,,,,,,,,,,,
,,,,,,,,,,,,,,,,,,,,,,,,,,,
,,,,,,,,,,,,,,,,,,,,,,,,,,,
,,,,,,,,,,,,,,,,,,,,,,,,,,,
,,,,,,,,,,,,,,,,,,,,,,,,,,,
,,,,,,,,,,,,,,,,,,,,,,,,,,,
,,,,,,,,,,,,,,,,,,,,,,,,,,,
,,,,,,,,,,,,,,,,,,,,,,,,,,,
,,,,,,,,,,,,,,,,,,,,,,,,,,,
,,,,,,,,,,,,,,,,,,,,,,,,,,,
,,,,,,,,,,,,,,,,,,,,,,,,,,,
,,,,,,,,,,,,,,,,,,,,,,,,,,,
,,,,,,,,,,,,,,,,,,,,,,,,,,,
,,,,,,,,,,,,,,,,,,,,,,,,,,,
,,,,,,,,,,,,,,,,,,,,,,,,,,,
,,,,,,,,,,,,,,,,,,,,,,,,,,,
,,,,,,,,,,,,,,,,,,,,,,,,,,,
,,,,,,,,,,,,,,,,,,,,,,,,,,,
,,,,,,,,,,,,,,,,,,,,,,,,,,,
,,,,,,,,,,,,,,,,,,,,,,,,,,,
,,,,,,,,,,,,,,,,,,,,,,,,,,,
,,,,,,,,,,,,,,,,,,,,,,,,,,,
,,,,,,,,,,,,,,,,,,,,,,,,,,,
,,,,,,,,,,,,,,,,,,,,,,,,,,,
,,,,,,,,,,,,,,,,,,,,,,,,,,,
,,,,,,,,,,,,,,,,,,,,,,,,,,,
,,,,,,,,,,,,,,,,,,,,,,,,,,,
,,,,,,,,,,,,,,,,,,,,,,,,,,,
,,,,,,,,,,,,,,,,,,,,,,,,,,,
,,,,,,,,,,,,,,,,,,,,,,,,,,,
,,,,,,,,,,,,,,,,,,,,,,,,,,,
,,,,,,,,,,,,,,,,,,,,,,,,,,,
,,,,,,,,,,,,,,,,,,,,,,,,,,,
,,,,,,,,,,,,,,,,,,,,,,,,,,,
,,,,,,,,,,,,,,,,,,,,,,,,,,,
,,,,,,,,,,,,,,,,,,,,,,,,,,,
,,,,,,,,,,,,,,,,,,,,,,,,,,,
,,,,,,,,,,,,,,,,,,,,,,,,,,,
,,,,,,,,,,,,,,,,,,,,,,,,,,,
,,,,,,,,,,,,,,,,,,,,,,,,,,,
,,,,,,,,,,,,,,,,,,,,,,,,,,,
,,,,,,,,,,,,,,,,,,,,,,,,,,,
,,,,,,,,,,,,,,,,,,,,,,,,,,,
,,,,,,,,,,,,,,,,,,,,,,,,,,,
,,,,,,,,,,,,,,,,,,,,,,,,,,,
,,,,,,,,,,,,,,,,,,,,,,,,,,,
,,,,,,,,,,,,,,,,,,,,,,,,,,,
,,,,,,,,,,,,,,,,,,,,,,,,,,,
,,,,,,,,,,,,,,,,,,,,,,,,,,,
,,,,,,,,,,,,,,,,,,,,,,,,,,,
,,,,,,,,,,,,,,,,,,,,,,,,,,,
,,,,,,,,,,,,,,,,,,,,,,,,,,,
,,,,,,,,,,,,,,,,,,,,,,,,,,,
,,,,,,,,,,,,,,,,,,,,,,,,,,,
,,,,,,,,,,,,,,,,,,,,,,,,,,,
,,,,,,,,,,,,,,,,,,,,,,,,,,,
,,,,,,,,,,,,,,,,,,,,,,,,,,,
,,,,,,,,,,,,,,,,,,,,,,,,,,,
,,,,,,,,,,,,,,,,,,,,,,,,,,,
,,,,,,,,,,,,,,,,,,,,,,,,,,,
,,,,,,,,,,,,,,,,,,,,,,,,,,,
,,,,,,,,,,,,,,,,,,,,,,,,,,,
,,,,,,,,,,,,,,,,,,,,,,,,,,,
,,,,,,,,,,,,,,,,,,,,,,,,,,,
,,,,,,,,,,,,,,,,,,,,,,,,,,,
,,,,,,,,,,,,,,,,,,,,,,,,,,,
,,,,,,,,,,,,,,,,,,,,,,,,,,,
,,,,,,,,,,,,,,,,,,,,,,,,,,,
,,,,,,,,,,,,,,,,,,,,,,,,,,,
,,,,,,,,,,,,,,,,,,,,,,,,,,,
,,,,,,,,,,,,,,,,,,,,,,,,,,,
,,,,,,,,,,,,,,,,,,,,,,,,,,,
,,,,,,,,,,,,,,,,,,,,,,,,,,,
,,,,,,,,,,,,,,,,,,,,,,,,,,,
,,,,,,,,,,,,,,,,,,,,,,,,,,,
,,,,,,,,,,,,,,,,,,,,,,,,,,,
,,,,,,,,,,,,,,,,,,,,,,,,,,,
,,,,,,,,,,,,,,,,,,,,,,,,,,,
,,,,,,,,,,,,,,,,,,,,,,,,,,,
,,,,,,,,,,,,,,,,,,,,,,,,,,,
,,,,,,,,,,,,,,,,,,,,,,,,,,,
,,,,,,,,,,,,,,,,,,,,,,,,,,,
,,,,,,,,,,,,,,,,,,,,,,,,,,,
,,,,,,,,,,,,,,,,,,,,,,,,,,,
,,,,,,,,,,,,,,,,,,,,,,,,,,,
,,,,,,,,,,,,,,,,,,,,,,,,,,,
,,,,,,,,,,,,,,,,,,,,,,,,,,,
,,,,,,,,,,,,,,,,,,,,,,,,,,,
,,,,,,,,,,,,,,,,,,,,,,,,,,,
,,,,,,,,,,,,,,,,,,,,,,,,,,,
,,,,,,,,,,,,,,,,,,,,,,,,,,,
,,,,,,,,,,,,,,,,,,,,,,,,,,,
,,,,,,,,,,,,,,,,,,,,,,,,,,,
,,,,,,,,,,,,,,,,,,,,,,,,,,,
,,,,,,,,,,,,,,,,,,,,,,,,,,,
,,,,,,,,,,,,,,,,,,,,,,,,,,,
,,,,,,,,,,,,,,,,,,,,,,,,,,,
,,,,,,,,,,,,,,,,,,,,,,,,,,,
,,,,,,,,,,,,,,,,,,,,,,,,,,,
,,,,,,,,,,,,,,,,,,,,,,,,,,,
,,,,,,,,,,,,,,,,,,,,,,,,,,,
,,,,,,,,,,,,,,,,,,,,,,,,,,,
,,,,,,,,,,,,,,,,,,,,,,,,,,,
,,,,,,,,,,,,,,,,,,,,,,,,,,,
,,,,,,,,,,,,,,,,,,,,,,,,,,,
,,,,,,,,,,,,,,,,,,,,,,,,,,,
,,,,,,,,,,,,,,,,,,,,,,,,,,,
,,,,,,,,,,,,,,,,,,,,,,,,,,,
,,,,,,,,,,,,,,,,,,,,,,,,,,,
,,,,,,,,,,,,,,,,,,,,,,,,,,,
,,,,,,,,,,,,,,,,,,,,,,,,,,,
,,,,,,,,,,,,,,,,,,,,,,,,,,,
,,,,,,,,,,,,,,,,,,,,,,,,,,,
,,,,,,,,,,,,,,,,,,,,,,,,,,,
,,,,,,,,,,,,,,,,,,,,,,,,,,,
,,,,,,,,,,,,,,,,,,,,,,,,,,,
,,,,,,,,,,,,,,,,,,,,,,,,,,,
,,,,,,,,,,,,,,,,,,,,,,,,,,,
,,,,,,,,,,,,,,,,,,,,,,,,,,,
,,,,,,,,,,,,,,,,,,,,,,,,,,,
,,,,,,,,,,,,,,,,,,,,,,,,,,,
,,,,,,,,,,,,,,,,,,,,,,,,,,,
,,,,,,,,,,,,,,,,,,,,,,,,,,,
,,,,,,,,,,,,,,,,,,,,,,,,,,,
,,,,,,,,,,,,,,,,,,,,,,,,,,,
,,,,,,,,,,,,,,,,,,,,,,,,,,,
,,,,,,,,,,,,,,,,,,,,,,,,,,,
,,,,,,,,,,,,,,,,,,,,,,,,,,,
,,,,,,,,,,,,,,,,,,,,,,,,,,,
,,,,,,,,,,,,,,,,,,,,,,,,,,,
,,,,,,,,,,,,,,,,,,,,,,,,,,,
,,,,,,,,,,,,,,,,,,,,,,,,,,,
,,,,,,,,,,,,,,,,,,,,,,,,,,,
,,,,,,,,,,,,,,,,,,,,,,,,,,,
,,,,,,,,,,,,,,,,,,,,,,,,,,,
,,,,,,,,,,,,,,,,,,,,,,,,,,,
,,,,,,,,,,,,,,,,,,,,,,,,,,,
,,,,,,,,,,,,,,,,,,,,,,,,,,,
,,,,,,,,,,,,,,,,,,,,,,,,,,,
,,,,,,,,,,,,,,,,,,,,,,,,,,,
,,,,,,,,,,,,,,,,,,,,,,,,,,,
,,,,,,,,,,,,,,,,,,,,,,,,,,,
,,,,,,,,,,,,,,,,,,,,,,,,,,,
,,,,,,,,,,,,,,,,,,,,,,,,,,,
,,,,,,,,,,,,,,,,,,,,,,,,,,,
,,,,,,,,,,,,,,,,,,,,,,,,,,,
,,,,,,,,,,,,,,,,,,,,,,,,,,,
,,,,,,,,,,,,,,,,,,,,,,,,,,,
,,,,,,,,,,,,,,,,,,,,,,,,,,,
,,,,,,,,,,,,,,,,,,,,,,,,,,,
,,,,,,,,,,,,,,,,,,,,,,,,,,,
,,,,,,,,,,,,,,,,,,,,,,,,,,,
,,,,,,,,,,,,,,,,,,,,,,,,,,,
,,,,,,,,,,,,,,,,,,,,,,,,,,,
,,,,,,,,,,,,,,,,,,,,,,,,,,,
,,,,,,,,,,,,,,,,,,,,,,,,,,,
,,,,,,,,,,,,,,,,,,,,,,,,,,,
,,,,,,,,,,,,,,,,,,,,,,,,,,,
,,,,,,,,,,,,,,,,,,,,,,,,,,,
,,,,,,,,,,,,,,,,,,,,,,,,,,,
,,,,,,,,,,,,,,,,,,,,,,,,,,,
,,,,,,,,,,,,,,,,,,,,,,,,,,,
,,,,,,,,,,,,,,,,,,,,,,,,,,,
,,,,,,,,,,,,,,,,,,,,,,,,,,,
,,,,,,,,,,,,,,,,,,,,,,,,,,,
,,,,,,,,,,,,,,,,,,,,,,,,,,,
,,,,,,,,,,,,,,,,,,,,,,,,,,,
,,,,,,,,,,,,,,,,,,,,,,,,,,,
,,,,,,,,,,,,,,,,,,,,,,,,,,,
,,,,,,,,,,,,,,,,,,,,,,,,,,,
,,,,,,,,,,,,,,,,,,,,,,,,,,,
,,,,,,,,,,,,,,,,,,,,,,,,,,,
,,,,,,,,,,,,,,,,,,,,,,,,,,,
,,,,,,,,,,,,,,,,,,,,,,,,,,,
,,,,,,,,,,,,,,,,,,,,,,,,,,,
,,,,,,,,,,,,,,,,,,,,,,,,,,,
,,,,,,,,,,,,,,,,,,,,,,,,,,,
,,,,,,,,,,,,,,,,,,,,,,,,,,,
,,,,,,,,,,,,,,,,,,,,,,,,,,,
,,,,,,,,,,,,,,,,,,,,,,,,,,,
,,,,,,,,,,,,,,,,,,,,,,,,,,,
,,,,,,,,,,,,,,,,,,,,,,,,,,,
,,,,,,,,,,,,,,,,,,,,,,,,,,,
,,,,,,,,,,,,,,,,,,,,,,,,,,,
,,,,,,,,,,,,,,,,,,,,,,,,,,,
,,,,,,,,,,,,,,,,,,,,,,,,,,,
,,,,,,,,,,,,,,,,,,,,,,,,,,,
,,,,,,,,,,,,,,,,,,,,,,,,,,,
,,,,,,,,,,,,,,,,,,,,,,,,,,,
,,,,,,,,,,,,,,,,,,,,,,,,,,,
,,,,,,,,,,,,,,,,,,,,,,,,,,,
,,,,,,,,,,,,,,,,,,,,,,,,,,,
,,,,,,,,,,,,,,,,,,,,,,,,,,,
,,,,,,,,,,,,,,,,,,,,,,,,,,,
,,,,,,,,,,,,,,,,,,,,,,,,,,,
,,,,,,,,,,,,,,,,,,,,,,,,,,,
,,,,,,,,,,,,,,,,,,,,,,,,,,,
,,,,,,,,,,,,,,,,,,,,,,,,,,,
,,,,,,,,,,,,,,,,,,,,,,,,,,,
,,,,,,,,,,,,,,,,,,,,,,,,,,,
,,,,,,,,,,,,,,,,,,,,,,,,,,,
,,,,,,,,,,,,,,,,,,,,,,,,,,,
,,,,,,,,,,,,,,,,,,,,,,,,,,,
,,,,,,,,,,,,,,,,,,,,,,,,,,,
,,,,,,,,,,,,,,,,,,,,,,,,,,,
,,,,,,,,,,,,,,,,,,,,,,,,,,,
,,,,,,,,,,,,,,,,,,,,,,,,,,,
,,,,,,,,,,,,,,,,,,,,,,,,,,,
,,,,,,,,,,,,,,,,,,,,,,,,,,,
,,,,,,,,,,,,,,,,,,,,,,,,,,,
,,,,,,,,,,,,,,,,,,,,,,,,,,,
,,,,,,,,,,,,,,,,,,,,,,,,,,,
,,,,,,,,,,,,,,,,,,,,,,,,,,,
,,,,,,,,,,,,,,,,,,,,,,,,,,,
,,,,,,,,,,,,,,,,,,,,,,,,,,,
,,,,,,,,,,,,,,,,,,,,,,,,,,,
,,,,,,,,,,,,,,,,,,,,,,,,,,,
,,,,,,,,,,,,,,,,,,,,,,,,,,,
,,,,,,,,,,,,,,,,,,,,,,,,,,,
,,,,,,,,,,,,,,,,,,,,,,,,,,,
,,,,,,,,,,,,,,,,,,,,,,,,,,,
,,,,,,,,,,,,,,,,,,,,,,,,,,,
,,,,,,,,,,,,,,,,,,,,,,,,,,,
,,,,,,,,,,,,,,,,,,,,,,,,,,,
,,,,,,,,,,,,,,,,,,,,,,,,,,,
,,,,,,,,,,,,,,,,,,,,,,,,,,,
,,,,,,,,,,,,,,,,,,,,,,,,,,,
,,,,,,,,,,,,,,,,,,,,,,,,,,,
,,,,,,,,,,,,,,,,,,,,,,,,,,,
,,,,,,,,,,,,,,,,,,,,,,,,,,,
,,,,,,,,,,,,,,,,,,,,,,,,,,,
,,,,,,,,,,,,,,,,,,,,,,,,,,,
,,,,,,,,,,,,,,,,,,,,,,,,,,,
,,,,,,,,,,,,,,,,,,,,,,,,,,,
,,,,,,,,,,,,,,,,,,,,,,,,,,,
,,,,,,,,,,,,,,,,,,,,,,,,,,,
,,,,,,,,,,,,,,,,,,,,,,,,,,,
,,,,,,,,,,,,,,,,,,,,,,,,,,,
,,,,,,,,,,,,,,,,,,,,,,,,,,,
,,,,,,,,,,,,,,,,,,,,,,,,,,,
,,,,,,,,,,,,,,,,,,,,,,,,,,,
,,,,,,,,,,,,,,,,,,,,,,,,,,,
,,,,,,,,,,,,,,,,,,,,,,,,,,,
,,,,,,,,,,,,,,,,,,,,,,,,,,,
,,,,,,,,,,,,,,,,,,,,,,,,,,,
,,,,,,,,,,,,,,,,,,,,,,,,,,,
,,,,,,,,,,,,,,,,,,,,,,,,,,,
,,,,,,,,,,,,,,,,,,,,,,,,,,,
,,,,,,,,,,,,,,,,,,,,,,,,,,,
,,,,,,,,,,,,,,,,,,,,,,,,,,,
,,,,,,,,,,,,,,,,,,,,,,,,,,,
,,,,,,,,,,,,,,,,,,,,,,,,,,,
,,,,,,,,,,,,,,,,,,,,,,,,,,,
,,,,,,,,,,,,,,,,,,,,,,,,,,,
,,,,,,,,,,,,,,,,,,,,,,,,,,,
,,,,,,,,,,,,,,,,,,,,,,,,,,,
,,,,,,,,,,,,,,,,,,,,,,,,,,,
,,,,,,,,,,,,,,,,,,,,,,,,,,,
,,,,,,,,,,,,,,,,,,,,,,,,,,,
,,,,,,,,,,,,,,,,,,,,,,,,,,,
,,,,,,,,,,,,,,,,,,,,,,,,,,,
,,,,,,,,,,,,,,,,,,,,,,,,,,,
,,,,,,,,,,,,,,,,,,,,,,,,,,,
,,,,,,,,,,,,,,,,,,,,,,,,,,,
,,,,,,,,,,,,,,,,,,,,,,,,,,,
,,,,,,,,,,,,,,,,,,,,,,,,,,,
,,,,,,,,,,,,,,,,,,,,,,,,,,,
,,,,,,,,,,,,,,,,,,,,,,,,,,,
,,,,,,,,,,,,,,,,,,,,,,,,,,,
,,,,,,,,,,,,,,,,,,,,,,,,,,,
,,,,,,,,,,,,,,,,,,,,,,,,,,,
,,,,,,,,,,,,,,,,,,,,,,,,,,,
,,,,,,,,,,,,,,,,,,,,,,,,,,,
,,,,,,,,,,,,,,,,,,,,,,,,,,,
,,,,,,,,,,,,,,,,,,,,,,,,,,,
,,,,,,,,,,,,,,,,,,,,,,,,,,,
,,,,,,,,,,,,,,,,,,,,,,,,,,,
,,,,,,,,,,,,,,,,,,,,,,,,,,,
,,,,,,,,,,,,,,,,,,,,,,,,,,,
,,,,,,,,,,,,,,,,,,,,,,,,,,,
,,,,,,,,,,,,,,,,,,,,,,,,,,,
,,,,,,,,,,,,,,,,,,,,,,,,,,,
,,,,,,,,,,,,,,,,,,,,,,,,,,,
,,,,,,,,,,,,,,,,,,,,,,,,,,,
,,,,,,,,,,,,,,,,,,,,,,,,,,,
,,,,,,,,,,,,,,,,,,,,,,,,,,,
,,,,,,,,,,,,,,,,,,,,,,,,,,,
,,,,,,,,,,,,,,,,,,,,,,,,,,,
,,,,,,,,,,,,,,,,,,,,,,,,,,,
,,,,,,,,,,,,,,,,,,,,,,,,,,,
,,,,,,,,,,,,,,,,,,,,,,,,,,,
,,,,,,,,,,,,,,,,,,,,,,,,,,,
,,,,,,,,,,,,,,,,,,,,,,,,,,,
,,,,,,,,,,,,,,,,,,,,,,,,,,,
,,,,,,,,,,,,,,,,,,,,,,,,,,,
,,,,,,,,,,,,,,,,,,,,,,,,,,,
,,,,,,,,,,,,,,,,,,,,,,,,,,,
,,,,,,,,,,,,,,,,,,,,,,,,,,,
,,,,,,,,,,,,,,,,,,,,,,,,,,,
,,,,,,,,,,,,,,,,,,,,,,,,,,,
,,,,,,,,,,,,,,,,,,,,,,,,,,,
,,,,,,,,,,,,,,,,,,,,,,,,,,,
,,,,,,,,,,,,,,,,,,,,,,,,,,,
,,,,,,,,,,,,,,,,,,,,,,,,,,,
,,,,,,,,,,,,,,,,,,,,,,,,,,,
,,,,,,,,,,,,,,,,,,,,,,,,,,,
,,,,,,,,,,,,,,,,,,,,,,,,,,,
,,,,,,,,,,,,,,,,,,,,,,,,,,,
,,,,,,,,,,,,,,,,,,,,,,,,,,,
,,,,,,,,,,,,,,,,,,,,,,,,,,,
,,,,,,,,,,,,,,,,,,,,,,,,,,,
,,,,,,,,,,,,,,,,,,,,,,,,,,,
,,,,,,,,,,,,,,,,,,,,,,,,,,,
,,,,,,,,,,,,,,,,,,,,,,,,,,,
,,,,,,,,,,,,,,,,,,,,,,,,,,,
,,,,,,,,,,,,,,,,,,,,,,,,,,,
,,,,,,,,,,,,,,,,,,,,,,,,,,,
,,,,,,,,,,,,,,,,,,,,,,,,,,,
,,,,,,,,,,,,,,,,,,,,,,,,,,,
,,,,,,,,,,,,,,,,,,,,,,,,,,,
,,,,,,,,,,,,,,,,,,,,,,,,,,,
,,,,,,,,,,,,,,,,,,,,,,,,,,,
,,,,,,,,,,,,,,,,,,,,,,,,,,,
,,,,,,,,,,,,,,,,,,,,,,,,,,,
,,,,,,,,,,,,,,,,,,,,,,,,,,,
,,,,,,,,,,,,,,,,,,,,,,,,,,,
,,,,,,,,,,,,,,,,,,,,,,,,,,,
,,,,,,,,,,,,,,,,,,,,,,,,,,,
,,,,,,,,,,,,,,,,,,,,,,,,,,,
,,,,,,,,,,,,,,,,,,,,,,,,,,,
,,,,,,,,,,,,,,,,,,,,,,,,,,,
,,,,,,,,,,,,,,,,,,,,,,,,,,,
,,,,,,,,,,,,,,,,,,,,,,,,,,,
,,,,,,,,,,,,,,,,,,,,,,,,,,,
,,,,,,,,,,,,,,,,,,,,,,,,,,,
,,,,,,,,,,,,,,,,,,,,,,,,,,,
,,,,,,,,,,,,,,,,,,,,,,,,,,,
,,,,,,,,,,,,,,,,,,,,,,,,,,,
,,,,,,,,,,,,,,,,,,,,,,,,,,,
,,,,,,,,,,,,,,,,,,,,,,,,,,,
,,,,,,,,,,,,,,,,,,,,,,,,,,,
,,,,,,,,,,,,,,,,,,,,,,,,,,,
,,,,,,,,,,,,,,,,,,,,,,,,,,,
,,,,,,,,,,,,,,,,,,,,,,,,,,,
,,,,,,,,,,,,,,,,,,,,,,,,,,,
,,,,,,,,,,,,,,,,,,,,,,,,,,,
,,,,,,,,,,,,,,,,,,,,,,,,,,,
,,,,,,,,,,,,,,,,,,,,,,,,,,,
,,,,,,,,,,,,,,,,,,,,,,,,,,,
,,,,,,,,,,,,,,,,,,,,,,,,,,,
,,,,,,,,,,,,,,,,,,,,,,,,,,,
,,,,,,,,,,,,,,,,,,,,,,,,,,,
,,,,,,,,,,,,,,,,,,,,,,,,,,,
,,,,,,,,,,,,,,,,,,,,,,,,,,,
,,,,,,,,,,,,,,,,,,,,,,,,,,,
,,,,,,,,,,,,,,,,,,,,,,,,,,,
,,,,,,,,,,,,,,,,,,,,,,,,,,,
,,,,,,,,,,,,,,,,,,,,,,,,,,,
,,,,,,,,,,,,,,,,,,,,,,,,,,,
,,,,,,,,,,,,,,,,,,,,,,,,,,,
,,,,,,,,,,,,,,,,,,,,,,,,,,,
,,,,,,,,,,,,,,,,,,,,,,,,,,,
,,,,,,,,,,,,,,,,,,,,,,,,,,,
,,,,,,,,,,,,,,,,,,,,,,,,,,,
,,,,,,,,,,,,,,,,,,,,,,,,,,,
,,,,,,,,,,,,,,,,,,,,,,,,,,,
,,,,,,,,,,,,,,,,,,,,,,,,,,,
,,,,,,,,,,,,,,,,,,,,,,,,,,,
,,,,,,,,,,,,,,,,,,,,,,,,,,,
,,,,,,,,,,,,,,,,,,,,,,,,,,,
,,,,,,,,,,,,,,,,,,,,,,,,,,,
,,,,,,,,,,,,,,,,,,,,,,,,,,,
,,,,,,,,,,,,,,,,,,,,,,,,,,,
,,,,,,,,,,,,,,,,,,,,,,,,,,,
,,,,,,,,,,,,,,,,,,,,,,,,,,,
,,,,,,,,,,,,,,,,,,,,,,,,,,,
,,,,,,,,,,,,,,,,,,,,,,,,,,,
,,,,,,,,,,,,,,,,,,,,,,,,,,,
,,,,,,,,,,,,,,,,,,,,,,,,,,,
,,,,,,,,,,,,,,,,,,,,,,,,,,,
,,,,,,,,,,,,,,,,,,,,,,,,,,,
,,,,,,,,,,,,,,,,,,,,,,,,,,,
,,,,,,,,,,,,,,,,,,,,,,,,,,,
,,,,,,,,,,,,,,,,,,,,,,,,,,,
,,,,,,,,,,,,,,,,,,,,,,,,,,,
,,,,,,,,,,,,,,,,,,,,,,,,,,,
,,,,,,,,,,,,,,,,,,,,,,,,,,,
,,,,,,,,,,,,,,,,,,,,,,,,,,,
,,,,,,,,,,,,,,,,,,,,,,,,,,,
,,,,,,,,,,,,,,,,,,,,,,,,,,,
,,,,,,,,,,,,,,,,,,,,,,,,,,,
,,,,,,,,,,,,,,,,,,,,,,,,,,,
,,,,,,,,,,,,,,,,,,,,,,,,,,,
,,,,,,,,,,,,,,,,,,,,,,,,,,,
,,,,,,,,,,,,,,,,,,,,,,,,,,,
,,,,,,,,,,,,,,,,,,,,,,,,,,,
,,,,,,,,,,,,,,,,,,,,,,,,,,,
,,,,,,,,,,,,,,,,,,,,,,,,,,,
,,,,,,,,,,,,,,,,,,,,,,,,,,,
,,,,,,,,,,,,,,,,,,,,,,,,,,,
,,,,,,,,,,,,,,,,,,,,,,,,,,,
,,,,,,,,,,,,,,,,,,,,,,,,,,,
,,,,,,,,,,,,,,,,,,,,,,,,,,,
,,,,,,,,,,,,,,,,,,,,,,,,,,,
,,,,,,,,,,,,,,,,,,,,,,,,,,,
,,,,,,,,,,,,,,,,,,,,,,,,,,,
,,,,,,,,,,,,,,,,,,,,,,,,,,,
,,,,,,,,,,,,,,,,,,,,,,,,,,,
,,,,,,,,,,,,,,,,,,,,,,,,,,,
,,,,,,,,,,,,,,,,,,,,,,,,,,,
,,,,,,,,,,,,,,,,,,,,,,,,,,,
,,,,,,,,,,,,,,,,,,,,,,,,,,,
,,,,,,,,,,,,,,,,,,,,,,,,,,,
,,,,,,,,,,,,,,,,,,,,,,,,,,,
,,,,,,,,,,,,,,,,,,,,,,,,,,,
,,,,,,,,,,,,,,,,,,,,,,,,,,,
,,,,,,,,,,,,,,,,,,,,,,,,,,,
,,,,,,,,,,,,,,,,,,,,,,,,,,,
,,,,,,,,,,,,,,,,,,,,,,,,,,,
,,,,,,,,,,,,,,,,,,,,,,,,,,,
,,,,,,,,,,,,,,,,,,,,,,,,,,,
,,,,,,,,,,,,,,,,,,,,,,,,,,,
,,,,,,,,,,,,,,,,,,,,,,,,,,,
,,,,,,,,,,,,,,,,,,,,,,,,,,,
,,,,,,,,,,,,,,,,,,,,,,,,,,,
,,,,,,,,,,,,,,,,,,,,,,,,,,,
,,,,,,,,,,,,,,,,,,,,,,,,,,,
,,,,,,,,,,,,,,,,,,,,,,,,,,,
,,,,,,,,,,,,,,,,,,,,,,,,,,,
,,,,,,,,,,,,,,,,,,,,,,,,,,,
,,,,,,,,,,,,,,,,,,,,,,,,,,,
,,,,,,,,,,,,,,,,,,,,,,,,,,,
,,,,,,,,,,,,,,,,,,,,,,,,,,,
,,,,,,,,,,,,,,,,,,,,,,,,,,,
,,,,,,,,,,,,,,,,,,,,,,,,,,,
,,,,,,,,,,,,,,,,,,,,,,,,,,,
,,,,,,,,,,,,,,,,,,,,,,,,,,,
,,,,,,,,,,,,,,,,,,,,,,,,,,,
,,,,,,,,,,,,,,,,,,,,,,,,,,,
,,,,,,,,,,,,,,,,,,,,,,,,,,,
,,,,,,,,,,,,,,,,,,,,,,,,,,,
,,,,,,,,,,,,,,,,,,,,,,,,,,,
,,,,,,,,,,,,,,,,,,,,,,,,,,,
,,,,,,,,,,,,,,,,,,,,,,,,,,,
,,,,,,,,,,,,,,,,,,,,,,,,,,,
,,,,,,,,,,,,,,,,,,,,,,,,,,,
,,,,,,,,,,,,,,,,,,,,,,,,,,,
,,,,,,,,,,,,,,,,,,,,,,,,,,,
,,,,,,,,,,,,,,,,,,,,,,,,,,,
,,,,,,,,,,,,,,,,,,,,,,,,,,,
,,,,,,,,,,,,,,,,,,,,,,,,,,,
,,,,,,,,,,,,,,,,,,,,,,,,,,,
,,,,,,,,,,,,,,,,,,,,,,,,,,,
,,,,,,,,,,,,,,,,,,,,,,,,,,,
,,,,,,,,,,,,,,,,,,,,,,,,,,,
,,,,,,,,,,,,,,,,,,,,,,,,,,,
,,,,,,,,,,,,,,,,,,,,,,,,,,,
,,,,,,,,,,,,,,,,,,,,,,,,,,,
,,,,,,,,,,,,,,,,,,,,,,,,,,,
,,,,,,,,,,,,,,,,,,,,,,,,,,,
,,,,,,,,,,,,,,,,,,,,,,,,,,,
,,,,,,,,,,,,,,,,,,,,,,,,,,,
,,,,,,,,,,,,,,,,,,,,,,,,,,,
,,,,,,,,,,,,,,,,,,,,,,,,,,,
,,,,,,,,,,,,,,,,,,,,,,,,,,,
,,,,,,,,,,,,,,,,,,,,,,,,,,,
,,,,,,,,,,,,,,,,,,,,,,,,,,,
,,,,,,,,,,,,,,,,,,,,,,,,,,,
,,,,,,,,,,,,,,,,,,,,,,,,,,,
,,,,,,,,,,,,,,,,,,,,,,,,,,,
,,,,,,,,,,,,,,,,,,,,,,,,,,,
,,,,,,,,,,,,,,,,,,,,,,,,,,,
,,,,,,,,,,,,,,,,,,,,,,,,,,,
,,,,,,,,,,,,,,,,,,,,,,,,,,,
,,,,,,,,,,,,,,,,,,,,,,,,,,,
,,,,,,,,,,,,,,,,,,,,,,,,,,,
,,,,,,,,,,,,,,,,,,,,,,,,,,,
,,,,,,,,,,,,,,,,,,,,,,,,,,,
,,,,,,,,,,,,,,,,,,,,,,,,,,,
,,,,,,,,,,,,,,,,,,,,,,,,,,,
,,,,,,,,,,,,,,,,,,,,,,,,,,,
,,,,,,,,,,,,,,,,,,,,,,,,,,,
,,,,,,,,,,,,,,,,,,,,,,,,,,,
,,,,,,,,,,,,,,,,,,,,,,,,,,,
,,,,,,,,,,,,,,,,,,,,,,,,,,,
,,,,,,,,,,,,,,,,,,,,,,,,,,,
,,,,,,,,,,,,,,,,,,,,,,,,,,,
,,,,,,,,,,,,,,,,,,,,,,,,,,,
,,,,,,,,,,,,,,,,,,,,,,,,,,,
,,,,,,,,,,,,,,,,,,,,,,,,,,,
,,,,,,,,,,,,,,,,,,,,,,,,,,,
,,,,,,,,,,,,,,,,,,,,,,,,,,,
,,,,,,,,,,,,,,,,,,,,,,,,,,,
,,,,,,,,,,,,,,,,,,,,,,,,,,,
,,,,,,,,,,,,,,,,,,,,,,,,,,,
,,,,,,,,,,,,,,,,,,,,,,,,,,,
,,,,,,,,,,,,,,,,,,,,,,,,,,,
,,,,,,,,,,,,,,,,,,,,,,,,,,,
,,,,,,,,,,,,,,,,,,,,,,,,,,,
,,,,,,,,,,,,,,,,,,,,,,,,,,,
,,,,,,,,,,,,,,,,,,,,,,,,,,,
,,,,,,,,,,,,,,,,,,,,,,,,,,,
,,,,,,,,,,,,,,,,,,,,,,,,,,,
,,,,,,,,,,,,,,,,,,,,,,,,,,,
,,,,,,,,,,,,,,,,,,,,,,,,,,,
,,,,,,,,,,,,,,,,,,,,,,,,,,,
,,,,,,,,,,,,,,,,,,,,,,,,,,,
,,,,,,,,,,,,,,,,,,,,,,,,,,,
,,,,,,,,,,,,,,,,,,,,,,,,,,,
,,,,,,,,,,,,,,,,,,,,,,,,,,,
,,,,,,,,,,,,,,,,,,,,,,,,,,,
,,,,,,,,,,,,,,,,,,,,,,,,,,,
,,,,,,,,,,,,,,,,,,,,,,,,,,,
,,,,,,,,,,,,,,,,,,,,,,,,,,,
,,,,,,,,,,,,,,,,,,,,,,,,,,,
,,,,,,,,,,,,,,,,,,,,,,,,,,,
,,,,,,,,,,,,,,,,,,,,,,,,,,,
,,,,,,,,,,,,,,,,,,,,,,,,,,,
,,,,,,,,,,,,,,,,,,,,,,,,,,,
,,,,,,,,,,,,,,,,,,,,,,,,,,,
,,,,,,,,,,,,,,,,,,,,,,,,,,,
,,,,,,,,,,,,,,,,,,,,,,,,,,,
,,,,,,,,,,,,,,,,,,,,,,,,,,,
,,,,,,,,,,,,,,,,,,,,,,,,,,,
,,,,,,,,,,,,,,,,,,,,,,,,,,,
,,,,,,,,,,,,,,,,,,,,,,,,,,,
,,,,,,,,,,,,,,,,,,,,,,,,,,,
,,,,,,,,,,,,,,,,,,,,,,,,,,,
,,,,,,,,,,,,,,,,,,,,,,,,,,,
,,,,,,,,,,,,,,,,,,,,,,,,,,,
,,,,,,,,,,,,,,,,,,,,,,,,,,,
,,,,,,,,,,,,,,,,,,,,,,,,,,,
,,,,,,,,,,,,,,,,,,,,,,,,,,,
,,,,,,,,,,,,,,,,,,,,,,,,,,,
,,,,,,,,,,,,,,,,,,,,,,,,,,,
,,,,,,,,,,,,,,,,,,,,,,,,,,,
,,,,,,,,,,,,,,,,,,,,,,,,,,,
,,,,,,,,,,,,,,,,,,,,,,,,,,,
,,,,,,,,,,,,,,,,,,,,,,,,,,,
,,,,,,,,,,,,,,,,,,,,,,,,,,,
,,,,,,,,,,,,,,,,,,,,,,,,,,,
,,,,,,,,,,,,,,,,,,,,,,,,,,,
,,,,,,,,,,,,,,,,,,,,,,,,,,,
,,,,,,,,,,,,,,,,,,,,,,,,,,,
,,,,,,,,,,,,,,,,,,,,,,,,,,,
,,,,,,,,,,,,,,,,,,,,,,,,,,,
,,,,,,,,,,,,,,,,,,,,,,,,,,,
,,,,,,,,,,,,,,,,,,,,,,,,,,,
,,,,,,,,,,,,,,,,,,,,,,,,,,,
,,,,,,,,,,,,,,,,,,,,,,,,,,,
,,,,,,,,,,,,,,,,,,,,,,,,,,,
,,,,,,,,,,,,,,,,,,,,,,,,,,,
,,,,,,,,,,,,,,,,,,,,,,,,,,,
,,,,,,,,,,,,,,,,,,,,,,,,,,,
,,,,,,,,,,,,,,,,,,,,,,,,,,,
,,,,,,,,,,,,,,,,,,,,,,,,,,,
,,,,,,,,,,,,,,,,,,,,,,,,,,,
,,,,,,,,,,,,,,,,,,,,,,,,,,,
,,,,,,,,,,,,,,,,,,,,,,,,,,,
,,,,,,,,,,,,,,,,,,,,,,,,,,,
,,,,,,,,,,,,,,,,,,,,,,,,,,,
,,,,,,,,,,,,,,,,,,,,,,,,,,,
,,,,,,,,,,,,,,,,,,,,,,,,,,,
,,,,,,,,,,,,,,,,,,,,,,,,,,,
,,,,,,,,,,,,,,,,,,,,,,,,,,,
,,,,,,,,,,,,,,,,,,,,,,,,,,,
,,,,,,,,,,,,,,,,,,,,,,,,,,,
,,,,,,,,,,,,,,,,,,,,,,,,,,,
,,,,,,,,,,,,,,,,,,,,,,,,,,,
,,,,,,,,,,,,,,,,,,,,,,,,,,,
,,,,,,,,,,,,,,,,,,,,,,,,,,,
,,,,,,,,,,,,,,,,,,,,,,,,,,,
,,,,,,,,,,,,,,,,,,,,,,,,,,,
,,,,,,,,,,,,,,,,,,,,,,,,,,,
,,,,,,,,,,,,,,,,,,,,,,,,,,,
,,,,,,,,,,,,,,,,,,,,,,,,,,,
,,,,,,,,,,,,,,,,,,,,,,,,,,,
,,,,,,,,,,,,,,,,,,,,,,,,,,,
,,,,,,,,,,,,,,,,,,,,,,,,,,,
,,,,,,,,,,,,,,,,,,,,,,,,,,,
,,,,,,,,,,,,,,,,,,,,,,,,,,,
,,,,,,,,,,,,,,,,,,,,,,,,,,,
,,,,,,,,,,,,,,,,,,,,,,,,,,,
,,,,,,,,,,,,,,,,,,,,,,,,,,,
,,,,,,,,,,,,,,,,,,,,,,,,,,,
,,,,,,,,,,,,,,,,,,,,,,,,,,,
,,,,,,,,,,,,,,,,,,,,,,,,,,,
,,,,,,,,,,,,,,,,,,,,,,,,,,,
,,,,,,,,,,,,,,,,,,,,,,,,,,,
,,,,,,,,,,,,,,,,,,,,,,,,,,,
,,,,,,,,,,,,,,,,,,,,,,,,,,,
,,,,,,,,,,,,,,,,,,,,,,,,,,,
,,,,,,,,,,,,,,,,,,,,,,,,,,,
,,,,,,,,,,,,,,,,,,,,,,,,,,,
,,,,,,,,,,,,,,,,,,,,,,,,,,,
,,,,,,,,,,,,,,,,,,,,,,,,,,,
,,,,,,,,,,,,,,,,,,,,,,,,,,,
,,,,,,,,,,,,,,,,,,,,,,,,,,,
,,,,,,,,,,,,,,,,,,,,,,,,,,,
,,,,,,,,,,,,,,,,,,,,,,,,,,,
,,,,,,,,,,,,,,,,,,,,,,,,,,,
,,,,,,,,,,,,,,,,,,,,,,,,,,,
,,,,,,,,,,,,,,,,,,,,,,,,,,,
,,,,,,,,,,,,,,,,,,,,,,,,,,,
,,,,,,,,,,,,,,,,,,,,,,,,,,,
,,,,,,,,,,,,,,,,,,,,,,,,,,,
,,,,,,,,,,,,,,,,,,,,,,,,,,,
,,,,,,,,,,,,,,,,,,,,,,,,,,,
,,,,,,,,,,,,,,,,,,,,,,,,,,,
,,,,,,,,,,,,,,,,,,,,,,,,,,,
,,,,,,,,,,,,,,,,,,,,,,,,,,,
,,,,,,,,,,,,,,,,,,,,,,,,,,,
,,,,,,,,,,,,,,,,,,,,,,,,,,,
,,,,,,,,,,,,,,,,,,,,,,,,,,,
,,,,,,,,,,,,,,,,,,,,,,,,,,,
,,,,,,,,,,,,,,,,,,,,,,,,,,,
,,,,,,,,,,,,,,,,,,,,,,,,,,,
,,,,,,,,,,,,,,,,,,,,,,,,,,,
,,,,,,,,,,,,,,,,,,,,,,,,,,,
,,,,,,,,,,,,,,,,,,,,,,,,,,,
,,,,,,,,,,,,,,,,,,,,,,,,,,,
,,,,,,,,,,,,,,,,,,,,,,,,,,,
,,,,,,,,,,,,,,,,,,,,,,,,,,,
,,,,,,,,,,,,,,,,,,,,,,,,,,,
,,,,,,,,,,,,,,,,,,,,,,,,,,,
,,,,,,,,,,,,,,,,,,,,,,,,,,,
,,,,,,,,,,,,,,,,,,,,,,,,,,,
,,,,,,,,,,,,,,,,,,,,,,,,,,,
,,,,,,,,,,,,,,,,,,,,,,,,,,,
,,,,,,,,,,,,,,,,,,,,,,,,,,,
,,,,,,,,,,,,,,,,,,,,,,,,,,,
,,,,,,,,,,,,,,,,,,,,,,,,,,,
,,,,,,,,,,,,,,,,,,,,,,,,,,,
,,,,,,,,,,,,,,,,,,,,,,,,,,,
,,,,,,,,,,,,,,,,,,,,,,,,,,,
,,,,,,,,,,,,,,,,,,,,,,,,,,,
,,,,,,,,,,,,,,,,,,,,,,,,,,,
,,,,,,,,,,,,,,,,,,,,,,,,,,,
,,,,,,,,,,,,,,,,,,,,,,,,,,,
,,,,,,,,,,,,,,,,,,,,,,,,,,,
,,,,,,,,,,,,,,,,,,,,,,,,,,,
,,,,,,,,,,,,,,,,,,,,,,,,,,,
,,,,,,,,,,,,,,,,,,,,,,,,,,,
,,,,,,,,,,,,,,,,,,,,,,,,,,,
,,,,,,,,,,,,,,,,,,,,,,,,,,,
,,,,,,,,,,,,,,,,,,,,,,,,,,,
,,,,,,,,,,,,,,,,,,,,,,,,,,,
,,,,,,,,,,,,,,,,,,,,,,,,,,,
,,,,,,,,,,,,,,,,,,,,,,,,,,,
,,,,,,,,,,,,,,,,,,,,,,,,,,,
,,,,,,,,,,,,,,,,,,,,,,,,,,,
,,,,,,,,,,,,,,,,,,,,,,,,,,,
,,,,,,,,,,,,,,,,,,,,,,,,,,,
,,,,,,,,,,,,,,,,,,,,,,,,,,,
,,,,,,,,,,,,,,,,,,,,,,,,,,,
,,,,,,,,,,,,,,,,,,,,,,,,,,,
,,,,,,,,,,,,,,,,,,,,,,,,,,,
,,,,,,,,,,,,,,,,,,,,,,,,,,,
,,,,,,,,,,,,,,,,,,,,,,,,,,,
,,,,,,,,,,,,,,,,,,,,,,,,,,,
,,,,,,,,,,,,,,,,,,,,,,,,,,,
,,,,,,,,,,,,,,,,,,,,,,,,,,,
,,,,,,,,,,,,,,,,,,,,,,,,,,,
,,,,,,,,,,,,,,,,,,,,,,,,,,,
,,,,,,,,,,,,,,,,,,,,,,,,,,,
,,,,,,,,,,,,,,,,,,,,,,,,,,,
,,,,,,,,,,,,,,,,,,,,,,,,,,,
,,,,,,,,,,,,,,,,,,,,,,,,,,,
,,,,,,,,,,,,,,,,,,,,,,,,,,,
,,,,,,,,,,,,,,,,,,,,,,,,,,,
,,,,,,,,,,,,,,,,,,,,,,,,,,,
,,,,,,,,,,,,,,,,,,,,,,,,,,,
,,,,,,,,,,,,,,,,,,,,,,,,,,,
,,,,,,,,,,,,,,,,,,,,,,,,,,,
,,,,,,,,,,,,,,,,,,,,,,,,,,,
,,,,,,,,,,,,,,,,,,,,,,,,,,,
,,,,,,,,,,,,,,,,,,,,,,,,,,,
,,,,,,,,,,,,,,,,,,,,,,,,,,,
,,,,,,,,,,,,,,,,,,,,,,,,,,,
,,,,,,,,,,,,,,,,,,,,,,,,,,,
,,,,,,,,,,,,,,,,,,,,,,,,,,,
,,,,,,,,,,,,,,,,,,,,,,,,,,,
,,,,,,,,,,,,,,,,,,,,,,,,,,,
,,,,,,,,,,,,,,,,,,,,,,,,,,,
,,,,,,,,,,,,,,,,,,,,,,,,,,,
,,,,,,,,,,,,,,,,,,,,,,,,,,,
,,,,,,,,,,,,,,,,,,,,,,,,,,,
,,,,,,,,,,,,,,,,,,,,,,,,,,,
,,,,,,,,,,,,,,,,,,,,,,,,,,,
,,,,,,,,,,,,,,,,,,,,,,,,,,,
,,,,,,,,,,,,,,,,,,,,,,,,,,,
,,,,,,,,,,,,,,,,,,,,,,,,,,,
,,,,,,,,,,,,,,,,,,,,,,,,,,,
,,,,,,,,,,,,,,,,,,,,,,,,,,,
,,,,,,,,,,,,,,,,,,,,,,,,,,,
,,,,,,,,,,,,,,,,,,,,,,,,,,,
,,,,,,,,,,,,,,,,,,,,,,,,,,,
,,,,,,,,,,,,,,,,,,,,,,,,,,,
,,,,,,,,,,,,,,,,,,,,,,,,,,,
,,,,,,,,,,,,,,,,,,,,,,,,,,,
,,,,,,,,,,,,,,,,,,,,,,,,,,,
,,,,,,,,,,,,,,,,,,,,,,,,,,,
,,,,,,,,,,,,,,,,,,,,,,,,,,,
,,,,,,,,,,,,,,,,,,,,,,,,,,,
,,,,,,,,,,,,,,,,,,,,,,,,,,,
,,,,,,,,,,,,,,,,,,,,,,,,,,,
,,,,,,,,,,,,,,,,,,,,,,,,,,,
,,,,,,,,,,,,,,,,,,,,,,,,,,,
,,,,,,,,,,,,,,,,,,,,,,,,,,,
,,,,,,,,,,,,,,,,,,,,,,,,,,,
,,,,,,,,,,,,,,,,,,,,,,,,,,,
,,,,,,,,,,,,,,,,,,,,,,,,,,,
,,,,,,,,,,,,,,,,,,,,,,,,,,,
,,,,,,,,,,,,,,,,,,,,,,,,,,,
,,,,,,,,,,,,,,,,,,,,,,,,,,,
,,,,,,,,,,,,,,,,,,,,,,,,,,,
,,,,,,,,,,,,,,,,,,,,,,,,,,,
,,,,,,,,,,,,,,,,,,,,,,,,,,,
,,,,,,,,,,,,,,,,,,,,,,,,,,,
,,,,,,,,,,,,,,,,,,,,,,,,,,,
,,,,,,,,,,,,,,,,,,,,,,,,,,,
,,,,,,,,,,,,,,,,,,,,,,,,,,,
,,,,,,,,,,,,,,,,,,,,,,,,,,,
,,,,,,,,,,,,,,,,,,,,,,,,,,,
,,,,,,,,,,,,,,,,,,,,,,,,,,,
,,,,,,,,,,,,,,,,,,,,,,,,,,,
,,,,,,,,,,,,,,,,,,,,,,,,,,,
,,,,,,,,,,,,,,,,,,,,,,,,,,,
,,,,,,,,,,,,,,,,,,,,,,,,,,,
,,,,,,,,,,,,,,,,,,,,,,,,,,,
,,,,,,,,,,,,,,,,,,,,,,,,,,,
,,,,,,,,,,,,,,,,,,,,,,,,,,,
,,,,,,,,,,,,,,,,,,,,,,,,,,,
,,,,,,,,,,,,,,,,,,,,,,,,,,,
,,,,,,,,,,,,,,,,,,,,,,,,,,,
,,,,,,,,,,,,,,,,,,,,,,,,,,,
,,,,,,,,,,,,,,,,,,,,,,,,,,,
,,,,,,,,,,,,,,,,,,,,,,,,,,,
,,,,,,,,,,,,,,,,,,,,,,,,,,,
,,,,,,,,,,,,,,,,,,,,,,,,,,,
,,,,,,,,,,,,,,,,,,,,,,,,,,,
,,,,,,,,,,,,,,,,,,,,,,,,,,,
,,,,,,,,,,,,,,,,,,,,,,,,,,,
,,,,,,,,,,,,,,,,,,,,,,,,,,,
,,,,,,,,,,,,,,,,,,,,,,,,,,,
,,,,,,,,,,,,,,,,,,,,,,,,,,,
,,,,,,,,,,,,,,,,,,,,,,,,,,,
,,,,,,,,,,,,,,,,,,,,,,,,,,,
,,,,,,,,,,,,,,,,,,,,,,,,,,,
,,,,,,,,,,,,,,,,,,,,,,,,,,,
,,,,,,,,,,,,,,,,,,,,,,,,,,,
,,,,,,,,,,,,,,,,,,,,,,,,,,,
,,,,,,,,,,,,,,,,,,,,,,,,,,,
,,,,,,,,,,,,,,,,,,,,,,,,,,,
,,,,,,,,,,,,,,,,,,,,,,,,,,,
,,,,,,,,,,,,,,,,,,,,,,,,,,,
,,,,,,,,,,,,,,,,,,,,,,,,,,,
,,,,,,,,,,,,,,,,,,,,,,,,,,,
,,,,,,,,,,,,,,,,,,,,,,,,,,,
,,,,,,,,,,,,,,,,,,,,,,,,,,,
,,,,,,,,,,,,,,,,,,,,,,,,,,,
,,,,,,,,,,,,,,,,,,,,,,,,,,,
,,,,,,,,,,,,,,,,,,,,,,,,,,,
,,,,,,,,,,,,,,,,,,,,,,,,,,,
,,,,,,,,,,,,,,,,,,,,,,,,,,,
,,,,,,,,,,,,,,,,,,,,,,,,,,,
,,,,,,,,,,,,,,,,,,,,,,,,,,,
,,,,,,,,,,,,,,,,,,,,,,,,,,,
,,,,,,,,,,,,,,,,,,,,,,,,,,,
,,,,,,,,,,,,,,,,,,,,,,,,,,,
,,,,,,,,,,,,,,,,,,,,,,,,,,,
,,,,,,,,,,,,,,,,,,,,,,,,,,,
,,,,,,,,,,,,,,,,,,,,,,,,,,,
,,,,,,,,,,,,,,,,,,,,,,,,,,,
,,,,,,,,,,,,,,,,,,,,,,,,,,,
,,,,,,,,,,,,,,,,,,,,,,,,,,,
,,,,,,,,,,,,,,,,,,,,,,,,,,,
,,,,,,,,,,,,,,,,,,,,,,,,,,,
,,,,,,,,,,,,,,,,,,,,,,,,,,,
,,,,,,,,,,,,,,,,,,,,,,,,,,,
,,,,,,,,,,,,,,,,,,,,,,,,,,,
,,,,,,,,,,,,,,,,,,,,,,,,,,,
,,,,,,,,,,,,,,,,,,,,,,,,,,,
,,,,,,,,,,,,,,,,,,,,,,,,,,,
,,,,,,,,,,,,,,,,,,,,,,,,,,,
,,,,,,,,,,,,,,,,,,,,,,,,,,,
,,,,,,,,,,,,,,,,,,,,,,,,,,,
,,,,,,,,,,,,,,,,,,,,,,,,,,,
,,,,,,,,,,,,,,,,,,,,,,,,,,,
,,,,,,,,,,,,,,,,,,,,,,,,,,,
,,,,,,,,,,,,,,,,,,,,,,,,,,,
,,,,,,,,,,,,,,,,,,,,,,,,,,,
,,,,,,,,,,,,,,,,,,,,,,,,,,,
,,,,,,,,,,,,,,,,,,,,,,,,,,,
,,,,,,,,,,,,,,,,,,,,,,,,,,,
,,,,,,,,,,,,,,,,,,,,,,,,,,,
,,,,,,,,,,,,,,,,,,,,,,,,,,,
,,,,,,,,,,,,,,,,,,,,,,,,,,,
,,,,,,,,,,,,,,,,,,,,,,,,,,,
,,,,,,,,,,,,,,,,,,,,,,,,,,,
,,,,,,,,,,,,,,,,,,,,,,,,,,,
,,,,,,,,,,,,,,,,,,,,,,,,,,,
,,,,,,,,,,,,,,,,,,,,,,,,,,,
,,,,,,,,,,,,,,,,,,,,,,,,,,,
,,,,,,,,,,,,,,,,,,,,,,,,,,,
,,,,,,,,,,,,,,,,,,,,,,,,,,,
,,,,,,,,,,,,,,,,,,,,,,,,,,,
,,,,,,,,,,,,,,,,,,,,,,,,,,,
,,,,,,,,,,,,,,,,,,,,,,,,,,,
,,,,,,,,,,,,,,,,,,,,,,,,,,,
,,,,,,,,,,,,,,,,,,,,,,,,,,,
,,,,,,,,,,,,,,,,,,,,,,,,,,,
,,,,,,,,,,,,,,,,,,,,,,,,,,,
,,,,,,,,,,,,,,,,,,,,,,,,,,,
,,,,,,,,,,,,,,,,,,,,,,,,,,,
,,,,,,,,,,,,,,,,,,,,,,,,,,,
,,,,,,,,,,,,,,,,,,,,,,,,,,,
,,,,,,,,,,,,,,,,,,,,,,,,,,,
,,,,,,,,,,,,,,,,,,,,,,,,,,,
,,,,,,,,,,,,,,,,,,,,,,,,,,,
,,,,,,,,,,,,,,,,,,,,,,,,,,,
,,,,,,,,,,,,,,,,,,,,,,,,,,,
,,,,,,,,,,,,,,,,,,,,,,,,,,,
,,,,,,,,,,,,,,,,,,,,,,,,,,,
,,,,,,,,,,,,,,,,,,,,,,,,,,,
,,,,,,,,,,,,,,,,,,,,,,,,,,,
,,,,,,,,,,,,,,,,,,,,,,,,,,,
,,,,,,,,,,,,,,,,,,,,,,,,,,,
,,,,,,,,,,,,,,,,,,,,,,,,,,,
,,,,,,,,,,,,,,,,,,,,,,,,,,,
,,,,,,,,,,,,,,,,,,,,,,,,,,,
,,,,,,,,,,,,,,,,,,,,,,,,,,,
,,,,,,,,,,,,,,,,,,,,,,,,,,,
,,,,,,,,,,,,,,,,,,,,,,,,,,,
,,,,,,,,,,,,,,,,,,,,,,,,,,,
,,,,,,,,,,,,,,,,,,,,,,,,,,,
,,,,,,,,,,,,,,,,,,,,,,,,,,,
,,,,,,,,,,,,,,,,,,,,,,,,,,,
,,,,,,,,,,,,,,,,,,,,,,,,,,,
,,,,,,,,,,,,,,,,,,,,,,,,,,,
,,,,,,,,,,,,,,,,,,,,,,,,,,,
,,,,,,,,,,,,,,,,,,,,,,,,,,,
,,,,,,,,,,,,,,,,,,,,,,,,,,,
,,,,,,,,,,,,,,,,,,,,,,,,,,,
,,,,,,,,,,,,,,,,,,,,,,,,,,,
,,,,,,,,,,,,,,,,,,,,,,,,,,,
,,,,,,,,,,,,,,,,,,,,,,,,,,,
,,,,,,,,,,,,,,,,,,,,,,,,,,,
,,,,,,,,,,,,,,,,,,,,,,,,,,,
,,,,,,,,,,,,,,,,,,,,,,,,,,,
,,,,,,,,,,,,,,,,,,,,,,,,,,,
,,,,,,,,,,,,,,,,,,,,,,,,,,,
,,,,,,,,,,,,,,,,,,,,,,,,,,,
,,,,,,,,,,,,,,,,,,,,,,,,,,,
,,,,,,,,,,,,,,,,,,,,,,,,,,,
,,,,,,,,,,,,,,,,,,,,,,,,,,,
,,,,,,,,,,,,,,,,,,,,,,,,,,,
,,,,,,,,,,,,,,,,,,,,,,,,,,,
,,,,,,,,,,,,,,,,,,,,,,,,,,,
,,,,,,,,,,,,,,,,,,,,,,,,,,,
,,,,,,,,,,,,,,,,,,,,,,,,,,,
,,,,,,,,,,,,,,,,,,,,,,,,,,,
,,,,,,,,,,,,,,,,,,,,,,,,,,,
,,,,,,,,,,,,,,,,,,,,,,,,,,,
,,,,,,,,,,,,,,,,,,,,,,,,,,,
,,,,,,,,,,,,,,,,,,,,,,,,,,,
,,,,,,,,,,,,,,,,,,,,,,,,,,,
,,,,,,,,,,,,,,,,,,,,,,,,,,,
,,,,,,,,,,,,,,,,,,,,,,,,,,,
,,,,,,,,,,,,,,,,,,,,,,,,,,,
,,,,,,,,,,,,,,,,,,,,,,,,,,,
,,,,,,,,,,,,,,,,,,,,,,,,,,,
,,,,,,,,,,,,,,,,,,,,,,,,,,,
,,,,,,,,,,,,,,,,,,,,,,,,,,,
,,,,,,,,,,,,,,,,,,,,,,,,,,,
,,,,,,,,,,,,,,,,,,,,,,,,,,,
,,,,,,,,,,,,,,,,,,,,,,,,,,,
,,,,,,,,,,,,,,,,,,,,,,,,,,,
,,,,,,,,,,,,,,,,,,,,,,,,,,,
,,,,,,,,,,,,,,,,,,,,,,,,,,,
,,,,,,,,,,,,,,,,,,,,,,,,,,,
,,,,,,,,,,,,,,,,,,,,,,,,,,,
,,,,,,,,,,,,,,,,,,,,,,,,,,,
,,,,,,,,,,,,,,,,,,,,,,,,,,,
,,,,,,,,,,,,,,,,,,,,,,,,,,,
,,,,,,,,,,,,,,,,,,,,,,,,,,,
,,,,,,,,,,,,,,,,,,,,,,,,,,,
,,,,,,,,,,,,,,,,,,,,,,,,,,,
,,,,,,,,,,,,,,,,,,,,,,,,,,,
,,,,,,,,,,,,,,,,,,,,,,,,,,,
,,,,,,,,,,,,,,,,,,,,,,,,,,,
,,,,,,,,,,,,,,,,,,,,,,,,,,,
,,,,,,,,,,,,,,,,,,,,,,,,,,,
,,,,,,,,,,,,,,,,,,,,,,,,,,,
,,,,,,,,,,,,,,,,,,,,,,,,,,,
,,,,,,,,,,,,,,,,,,,,,,,,,,,
,,,,,,,,,,,,,,,,,,,,,,,,,,,
,,,,,,,,,,,,,,,,,,,,,,,,,,,
,,,,,,,,,,,,,,,,,,,,,,,,,,,
,,,,,,,,,,,,,,,,,,,,,,,,,,,
,,,,,,,,,,,,,,,,,,,,,,,,,,,
