,瘤痢疙,老矫,乞闭扁柯(∑C),老碍荐樊(mm),弥措 浅加(m/s),乞闭 浅加(m/s),乞闭 捞浇痢柯档(∑C),乞闭 惑措嚼档(%),乞闭 刘扁拘(hPa),包堡按 荐
184,力林,2019-01-01,5.6,0,7.6,5.3,-1.3,61.1,5.6,31232
184,力林,2019-01-02,5.1,,6.2,3.9,-1.8,61,5.3,36544
184,力林,2019-01-03,5.1,,5.1,2.7,-2,60,5.3,35124
184,力林,2019-01-04,5.8,1.6,4.6,2,2.1,78,7.2,34701
184,力林,2019-01-05,7,,5.1,3.2,1.2,67,6.7,35357
184,力林,2019-01-06,5.7,,4.4,2.6,-0.5,64,5.9,35079
184,力林,2019-01-07,5.9,,3.8,2.2,-0.1,66,6.1,37015
184,力林,2019-01-08,6.6,,7,4.4,-0.1,63,6.1,35071
184,力林,2019-01-09,4.5,,7,3,-3.6,56,4.7,33477
184,力林,2019-01-10,6.9,,5.2,3,0.8,65,6.5,37715
184,力林,2019-01-11,7.9,1.7,5,2.3,2.8,71,7.6,37002
184,力林,2019-01-12,8.9,2,4.9,2.8,4,73,8.2,40113
184,力林,2019-01-13,7.9,,5.8,3.5,1.8,66,7,38651
184,力林,2019-01-14,7.3,,3.2,2.1,1.3,66,6.7,33374
184,力林,2019-01-15,7,,7.6,4.3,-0.1,61,6.1,38230
184,力林,2019-01-16,3.1,,7.8,4.3,-3.1,64,4.9,36481
184,力林,2019-01-17,5.6,,7.2,4.3,-2.4,56,5.1,38416
184,力林,2019-01-18,6.4,,3.9,1.9,-0.1,63,6.1,39131
184,力林,2019-01-19,8.9,1,5.2,2.3,4.4,74,8.7,41814
184,力林,2019-01-20,6.7,,7.7,5.5,0.8,66,6.6,37833
184,力林,2019-01-21,6.2,,6.9,4.4,-1.2,59,5.6,38791
184,力林,2019-01-22,8.3,,5.1,3.5,0.3,57,6.2,36568
184,力林,2019-01-23,8.6,,5.3,3.5,0.2,56,6.3,35404
184,力林,2019-01-24,6.2,,4.4,2,-2,56,5.3,37542
184,力林,2019-01-25,5.7,,9,4.2,-1.4,60,5.6,38350
184,力林,2019-01-26,4.3,,9.7,5.6,-3.7,56,4.7,39468
184,力林,2019-01-27,5.6,,4.2,2.4,-1.1,62,5.7,36182
184,力林,2019-01-28,7.7,,6.6,4.5,-0.3,57,6.1,37355
184,力林,2019-01-29,6.3,,4.2,1.9,-0.2,64,6.1,37696
184,力林,2019-01-30,8.2,,3.7,1.6,2.8,69,7.5,29980
184,力林,2019-01-31,4.9,17.9,13.2,5,0.9,76,6.7,34672
184,力林,2019-02-01,5,,8.6,4.7,-2.7,58,5,39011
184,力林,2019-02-02,9.3,,3.7,2.2,1.4,58,6.8,44633
184,力林,2019-02-03,13.3,9.8,10.2,5.5,10.4,84,13,43357
184,力林,2019-02-04,6.9,,8,3.3,-3.1,50,4.9,32113
184,力林,2019-02-05,9.3,,7.1,2.9,1.1,57,6.7,37614
184,力林,2019-02-06,11.8,,3.8,1.9,4.9,64,8.8,41568
184,力林,2019-02-07,6.5,3.8,8.3,3.5,1.4,71,7.2,39585
184,力林,2019-02-08,3.4,,4.9,2.8,-4.7,55,4.3,38660
184,力林,2019-02-09,3,,7.1,4.5,-3.9,60,4.6,37848
184,力林,2019-02-10,3.1,,5.7,3.3,-4.8,56,4.3,37884
184,力林,2019-02-11,3.7,,7.4,4.3,-2.9,62,4.9,39334
184,力林,2019-02-12,5.7,,5.4,2.4,-2.8,55,5,38727
184,力林,2019-02-13,6.8,,5.5,3.3,-2.7,51,5,38239
184,力林,2019-02-14,5.6,,4.9,2.2,-2,58,5.3,38957
184,力林,2019-02-15,6.4,,5.2,2.4,1.4,71,6.8,39464
184,力林,2019-02-16,4.2,,7.3,4.7,-2.1,63,5.3,40228
184,力林,2019-02-17,4.4,,4.7,3,-3.1,59,4.9,38965
184,力林,2019-02-18,7.1,2.1,4.5,2.2,1.5,68,7,39079
184,力林,2019-02-19,9.3,15.9,10.1,4,7.1,87,10.3,37677
184,力林,2019-02-20,6.9,,4.7,2.5,1.3,68,6.7,39193
184,力林,2019-02-21,7.1,,4.4,2.4,0.3,62,6.2,39620
184,力林,2019-02-22,8.3,1.6,4.5,2,3.3,71,7.8,41071
184,力林,2019-02-23,9.3,,5.9,2.4,2.3,62,7.2,42118
184,力林,2019-02-24,11,,5.5,2.5,2,55,7.1,40910
184,力林,2019-02-25,9.4,,4.5,2.7,0.9,56,6.6,40214
184,力林,2019-02-26,8.9,,3.3,1.8,-0.4,53,6,41882
184,力林,2019-02-27,10.9,4.6,5.6,2.3,6.4,75,9.7,40431
184,力林,2019-02-28,10.4,0.1,5.5,3.2,4.2,67,8.3,40991
184,力林,2019-03-01,9.4,,3.9,2.2,1.5,59,6.9,46664
184,力林,2019-03-02,11,0.4,4.8,2.2,5,67,8.8,34983
184,力林,2019-03-03,11.8,5.9,6.8,3,7,73,10.1,32750
184,力林,2019-03-04,10,2,5.9,3.4,5.1,73,8.8,32990
184,力林,2019-03-05,10.7,,3.9,1.9,2.9,60,7.8,30614
184,力林,2019-03-06,10.4,11.3,6.5,3.6,6.7,79,9.8,29319
184,力林,2019-03-07,8.3,,7.8,4.6,3.4,72,7.8,35602
184,力林,2019-03-08,8.5,,2.8,1.7,1.3,61,6.7,38765
184,力林,2019-03-09,11.6,9,6.6,2.4,4,63,8.7,37383
184,力林,2019-03-10,10.7,22.1,8.1,4.1,9.3,91,11.8,34337
184,力林,2019-03-11,10,1.2,9.3,4.3,5.2,73,8.9,34769
184,力林,2019-03-12,10.7,,8.8,5.3,2.5,58,7.4,32781
184,力林,2019-03-13,8.4,,7.3,5.1,-2.4,47,5.2,31672
184,力林,2019-03-14,10,,5.2,3.1,-1.7,46,5.4,36805
184,力林,2019-03-15,10.2,,9.6,5.1,2.5,59,7.5,39531
184,力林,2019-03-16,10.1,,6.8,4.2,0.3,52,6.3,40036
184,力林,2019-03-17,11.2,,6.4,2.8,2.7,57,7.6,38697
184,力林,2019-03-18,10.7,1.9,4.9,1.9,3.2,61,7.9,37171
184,力林,2019-03-19,12.3,,5.2,2.4,6.2,67,9.5,34282
184,力林,2019-03-20,16.3,1.7,14.3,4.1,8.8,63,11.9,26842
184,力林,2019-03-21,10.7,,9.7,4.8,7.5,81,10.6,42740
184,力林,2019-03-22,7.8,,5.6,3.7,0.2,59,6.2,42372
184,力林,2019-03-23,8.5,,8.8,4.9,-1.3,51,5.6,42400
184,力林,2019-03-24,7.5,,5.1,2.7,-1.7,52,5.4,39850
184,力林,2019-03-25,9.9,,5.3,2.3,0.7,53,6.5,41353
184,力林,2019-03-26,14.2,,7.2,3.6,7.7,66,10.6,39397
184,力林,2019-03-27,16.4,,6.2,2.7,4.7,47,8.8,38977
184,力林,2019-03-28,14.6,,5.2,2.4,11,80,13.1,42208
184,力林,2019-03-29,13.9,,4.3,1.9,7.2,66,10.3,42321
184,力林,2019-03-30,11,,8.8,4.7,3.4,60,7.9,42713
184,力林,2019-03-31,8.4,,8.9,6.4,-3.6,43,4.7,38536
184,力林,2019-04-01,10.5,,6.4,4.8,-0.3,48,6.1,40789
184,力林,2019-04-02,10.6,,6,3.1,1.7,56,7,39555
184,力林,2019-04-03,10.5,,4.2,2.6,-3.3,39,4.9,40565
184,力林,2019-04-04,11.3,,6.3,3.1,-0.1,46,6.2,41945
184,力林,2019-04-05,14.5,,6.3,3.9,8.1,67,11,47600
184,力林,2019-04-06,15,,5.4,2,9.9,72,12.3,43855
184,力林,2019-04-07,16.4,2.7,7.6,2.5,11,71,13.2,41462
184,力林,2019-04-08,14.8,,3.7,1.6,7.8,66.4,10.9,41938
184,力林,2019-04-09,15,6,9.6,5.4,10,74,12.4,31036
184,力林,2019-04-10,10.4,6.7,7.6,4,8.3,87,11,47197
184,力林,2019-04-11,11.6,,5.8,2.4,7.4,76,10.3,43986
184,力林,2019-04-12,12.7,,4.1,2.1,4.3,58,8.4,44903
184,力林,2019-04-13,13.7,,4.8,2.1,3.5,51,7.9,45553
184,力林,2019-04-14,13.6,,6.3,2.4,7.3,67,10.4,39312
184,力林,2019-04-15,13,,4.2,2,0,43,6.3,42577
184,力林,2019-04-16,16.8,,5.6,1.9,4.6,48,9,39366
184,力林,2019-04-17,15.8,,7.3,2.9,10.7,72,12.9,41260
184,力林,2019-04-18,16.7,,5.4,2.3,10.9,69,13.1,43847
184,力林,2019-04-19,16.8,,7.4,3.1,12.9,78,14.9,44322
184,力林,2019-04-20,17.1,,7.1,3.1,12.9,77,14.9,47414
184,力林,2019-04-21,18.5,,4.8,1.7,12.3,68,14.3,41395
184,力林,2019-04-22,19.3,,8.3,3.5,13.6,70,15.7,42915
184,力林,2019-04-23,19.1,18.7,8.4,3.7,15.6,81,17.7,40033
184,力林,2019-04-24,18,,7.7,3.7,15.9,88,18,43933
184,力林,2019-04-25,15.8,,4.1,2.3,14.3,91,16.3,44243
184,力林,2019-04-26,12.2,0.3,6.2,4.4,7.5,74,10.4,47034
184,力林,2019-04-27,14,,7.4,3.7,7.1,64,10.1,49357
184,力林,2019-04-28,15,0.1,7,3,8.1,64,10.9,44370
184,力林,2019-04-29,16.1,10.5,7.7,3.7,15.2,95,17.3,44669
184,力林,2019-04-30,15.6,1.4,4.9,2.3,14.2,92,16.2,44466
184,力林,2019-05-01,14.7,,6.2,3.6,9.8,75,12.3,45894
184,力林,2019-05-02,17.2,,5.2,3.2,3.2,41,8,43906
184,力林,2019-05-03,18.9,,4.6,2.5,7.3,49,10.7,46976
184,力林,2019-05-04,19.2,,2.8,1.4,7.3,48,10.3,51311
184,力林,2019-05-05,19,,4.3,2.1,8.5,52,11.4,37964
184,力林,2019-05-06,15.9,,6,3.3,6,54,9.6,38401
184,力林,2019-05-07,15.6,,4.1,2.5,4.5,48,8.5,38471
184,力林,2019-05-08,16.3,,3.9,1.7,3.2,43,7.9,40905
184,力林,2019-05-09,17.4,,3.6,2.1,4.6,43,8.7,40779
184,力林,2019-05-10,17.6,,3.3,1.9,6.6,50,10.1,41295
184,力林,2019-05-11,18.5,,3.9,2.1,5.3,43,9.1,43005
184,力林,2019-05-12,18.7,,6.1,2,10.6,61,13.4,38744
184,力林,2019-05-13,20.1,,6.1,2.3,15.1,74,17.2,44466
184,力林,2019-05-14,20.5,,6.6,2.7,16.8,80,19.2,42799
184,力林,2019-05-15,21.2,,7.8,2.9,14.3,68,16.5,48566
184,力林,2019-05-16,23.2,,6.7,2.3,14.3,58,16.3,44058
184,力林,2019-05-17,21.2,12,7.9,3.6,15.8,73,18,42353
184,力林,2019-05-18,20.6,19.6,11.3,5.1,19.1,92,22.2,41325
184,力林,2019-05-19,21.4,,7.3,4.5,18.5,84,21.3,40934
184,力林,2019-05-20,17.3,0.8,6.6,4.1,10.4,67,13.2,45207
184,力林,2019-05-21,19.2,,6.5,3.4,5.2,41,9.1,40550
184,力林,2019-05-22,23.4,,7.2,4.3,4.6,31,9,43424
184,力林,2019-05-23,26.2,,7.9,4.6,5.8,28,9.6,42669
184,力林,2019-05-24,28.4,,8,4.6,1.3,18,6.8,44001
184,力林,2019-05-25,23.3,,6,2.7,12,52,14.6,45115
184,力林,2019-05-26,23.1,,5.3,2.1,15.2,62,17.3,40585
184,力林,2019-05-27,20.7,9.8,11.2,4.3,17.7,84,20.4,38717
184,力林,2019-05-28,18.9,,4.8,2.6,9.5,56,12,41916
184,力林,2019-05-29,22.3,,5,2.8,9.2,46,12.4,42573
184,力林,2019-05-30,21.7,,4.3,1.7,10.8,51,13,40376
184,力林,2019-05-31,17.9,0.6,6.8,3,12.8,74,14.9,42044
184,力林,2019-06-01,19,,5.1,2,14.7,77,16.8,47522
184,力林,2019-06-02,20.1,,4,1.7,14.4,70,16.4,44180
184,力林,2019-06-03,20.9,,3.4,1.6,13.2,62,15.2,45733
184,力林,2019-06-04,22.8,,6.1,2.6,17.6,73,20.3,44686
184,力林,2019-06-05,22.5,,3.7,1.8,17.4,75,20,48122
184,力林,2019-06-06,23.6,13.3,11.4,3.3,20.4,83,24.1,52928
184,力林,2019-06-07,19.6,,10.2,6.1,17.6,89,20.2,37556
184,力林,2019-06-08,19.9,0.2,6,2.8,17.5,87,20,39207
184,力林,2019-06-09,20.2,,7,3,15.3,75,17.4,43047
184,力林,2019-06-10,20.2,,7.2,3.3,14.6,71,16.7,43924
184,力林,2019-06-11,20.2,,5.8,2.7,14.7,72,16.8,41364
184,力林,2019-06-12,19.9,,4.8,2.2,15.9,79,18.1,42527
184,力林,2019-06-13,21.9,,7.2,2.6,15.9,70,18.1,45581
184,力林,2019-06-14,19.4,43.5,6.8,2.8,18.6,95,21.4,44813
184,力林,2019-06-15,20.1,0.3,6.6,3.8,17.7,87,20.3,46478
184,力林,2019-06-16,20.6,,5.1,3.3,16.6,78,18.9,42550
184,力林,2019-06-17,20.8,,3.2,1.7,16.4,76,18.8,43870
184,力林,2019-06-18,21.6,1,4.2,1.6,18.2,82,21,40548
184,力林,2019-06-19,21.7,,5.6,2.5,18.5,83,21.3,473711
184,力林,2019-06-20,22,,2.8,1.6,18.9,83,22,44695
184,力林,2019-06-21,22.6,,3.4,1.8,18.6,79,21.4,45017
184,力林,2019-06-22,22.1,,7.2,3,19,84,22,45824
184,力林,2019-06-23,21.1,,6.1,2.9,17.3,79,19.8,44735
184,力林,2019-06-24,21.6,,6.1,2.2,16.9,75,19.2,45679
184,力林,2019-06-25,24.2,,6,3.5,15.6,61,17.8,41763
184,力林,2019-06-26,22.1,85.1,5.3,2.4,21.6,98,25.9,40040
184,力林,2019-06-27,23.1,,5,2.8,21.7,93,26,40949
184,力林,2019-06-28,23.5,,3.6,1.8,19.8,80,23.1,38730
184,力林,2019-06-29,25.2,2,11.4,3.8,22.2,84,26.9,36881
184,力林,2019-06-30,23.4,0.4,5.1,2.4,21.2,88,25.2,39653
184,力林,2019-07-01,23.4,1.9,3.7,1.4,21.7,90,25.9,41396
184,力林,2019-07-02,23.3,,3.5,1.8,20.5,85,24.1,37439
184,力林,2019-07-03,22.6,,5.5,2.2,20.1,86,23.5,40532
184,力林,2019-07-04,22.3,,3.5,1.6,19,82,22,42171
184,力林,2019-07-05,23.9,,6.4,2.4,17.5,68,20.2,40619
184,力林,2019-07-06,23.8,,6.6,3.1,19.7,79,23,42085
184,力林,2019-07-07,23.3,,7.4,4,19.3,79,22.4,41378
184,力林,2019-07-08,21.8,3.7,5.3,3.1,19.7,89,23,41234
184,力林,2019-07-09,22,2.2,4.4,2.9,19.7,87,22.9,37190
184,力林,2019-07-10,21.4,104.7,6.9,3.6,20.9,97,24.7,39170
184,力林,2019-07-11,23.2,1.2,6.9,4,21.1,88,25,43627
184,力林,2019-07-12,23.3,0.4,3.8,2.1,20.9,87,24.8,40991
184,力林,2019-07-13,21.6,13.4,4.5,2.2,20.1,92,23.6,43803
184,力林,2019-07-14,24.2,,3.7,1.7,21.5,85,25.7,43931
184,力林,2019-07-15,24.2,,4.5,2.2,21.9,87,26.2,42186
184,力林,2019-07-16,24.8,,8,3.2,20.8,79,24.6,39269
184,力林,2019-07-17,25,6.8,6.4,2.8,22,84,26.5,40301
184,力林,2019-07-18,24.2,21.3,5,2.2,23.7,97,29.2,40794
184,力林,2019-07-19,24.1,187.7,8.4,3.9,23.9,99,29.7,28448
184,力林,2019-07-20,25.7,43.8,9.6,5.1,23.5,88,29,30801
184,力林,2019-07-21,27.3,,7.7,4,23.5,81,29,44979
184,力林,2019-07-22,27.1,108.3,5.7,2.1,25.1,90,31.9,44528
184,力林,2019-07-23,27.6,,5,2.3,24.2,83,30.2,40628
184,力林,2019-07-24,27.9,,4.9,2.2,24.1,80,30.1,43490
184,力林,2019-07-25,27.9,,5,2.2,25.2,86,32.1,45234
184,力林,2019-07-26,27.8,,4.4,2,25.3,87,32.3,45420
184,力林,2019-07-27,28.1,14.7,4,1.7,25.8,88,33.2,53083
184,力林,2019-07-28,29.3,,6.2,2.5,24.4,76,30.6,48085
184,力林,2019-07-29,28.7,,5,2.2,23.4,74,28.8,47790
184,力林,2019-07-30,30.4,,6.5,2.5,24.1,70,29.9,44980
184,力林,2019-07-31,29.5,,5.3,2.3,25,77,31.6,49818
184,力林,2019-08-01,29.2,,4.9,2,25.5,81,32.8,52061
184,力林,2019-08-02,28.8,,6.9,2.8,25.2,82,32,48151
184,力林,2019-08-03,29,,6.8,2.6,23.7,74,29.3,50526
184,力林,2019-08-04,27.9,,7.6,3.4,24.9,85,31.6,49119
184,力林,2019-08-05,27.8,,5.1,2.4,23.6,78,29.2,49745
184,力林,2019-08-06,28.8,,4,2.2,22.9,71,28,41013
184,力林,2019-08-07,29.6,,5,1.9,23.6,70,29.2,42731
184,力林,2019-08-08,31.1,,6.4,3,23.5,65,29.1,44366
184,力林,2019-08-09,30.1,,5.9,3.3,24.4,73,30.5,42907
184,力林,2019-08-10,29.5,,6.7,4.8,23.9,72,29.6,43545
184,力林,2019-08-11,28.7,25,10.1,5.7,25.8,85,33.2,44348
184,力林,2019-08-12,29.7,12,5.7,2.4,26.2,82,33.9,46940
184,力林,2019-08-13,29.2,,5.7,2.5,25.5,81,32.6,45588
184,力林,2019-08-14,28.6,1.2,4.7,2.5,25.4,83,32.5,47699
184,力林,2019-08-15,27.1,,6.6,4.1,25,89,31.6,53283
184,力林,2019-08-16,27.7,4.5,7.1,4.4,23.3,77,28.6,42998
184,力林,2019-08-17,28.8,,5.8,3,21.5,65,25.7,44321
184,力林,2019-08-18,27.2,,3.5,2,21.3,71,25.5,46432
184,力林,2019-08-19,26.3,,4,1.9,22.5,80,27.3,47752
184,力林,2019-08-20,27.1,0.1,6.9,3.4,24.9,88,31.5,42406
184,力林,2019-08-21,28.1,3.4,3.9,1.3,24.8,83,31.4,43035
184,力林,2019-08-22,28.5,6.3,7.2,3.2,24.9,82,31.6,44427
184,力林,2019-08-23,27.4,,4.3,2.1,21.2,70,25.4,44460
184,力林,2019-08-24,27,,4.8,2.1,17,55,19.6,46834
184,力林,2019-08-25,25.5,0.1,7.1,2.1,18.7,67,21.7,46169
184,力林,2019-08-26,25.9,0.3,6.1,2.7,22.8,84,27.8,47234
184,力林,2019-08-27,26.9,87.2,6.5,2.9,24.8,89,31.3,43461
184,力林,2019-08-28,24.8,33.3,6,1.9,23.2,92,28.6,44705
184,力林,2019-08-29,23.3,68.9,4.6,2.5,20.9,87,24.8,44249
184,力林,2019-08-30,25.5,,4.2,2.6,19.1,69,22.3,43421
184,力林,2019-08-31,24.9,,3.6,2.1,17.5,64,20.1,41297
184,力林,2019-09-01,23.3,26.1,4.2,2,19.5,81,22.8,38051
184,力林,2019-09-02,24.1,25.7,6.8,2.3,23,94,28,36856
184,力林,2019-09-03,24.8,13.9,6.2,2.3,23.5,93,29,32745
184,力林,2019-09-04,24.7,43,4.5,1.4,23.2,92,28.5,32981
184,力林,2019-09-05,26.2,7,4.2,1.7,24.1,89,30.1,32182
184,力林,2019-09-06,26.8,68.8,10.6,4.4,24.9,90,31.6,19376
184,力林,2019-09-07,27.6,34.3,12.4,6.5,23.7,80,29.3,13218
184,力林,2019-09-08,24.5,19,4.4,2,23.5,95,29,35460
184,力林,2019-09-09,26.2,24.7,5.3,2.7,24.8,93,31.4,30641
184,力林,2019-09-10,27,,3.9,1.7,23,80,28,39387
184,力林,2019-09-11,26,5,3.8,1.9,23.9,89,29.6,47473
184,力林,2019-09-12,24.1,0.6,4.9,3.3,21.6,86,25.8,53568
184,力林,2019-09-13,24,,7,3,18.8,73,21.7,45579
184,力林,2019-09-14,24.3,,4.1,2.2,19.7,77,23,43146
184,力林,2019-09-15,24.6,,3.7,2,21.7,84,26,47024
184,力林,2019-09-16,24.6,,4,2,21.4,83,25.5,44868
184,力林,2019-09-17,23.8,,6,2.7,17.3,67,19.8,45866
184,力林,2019-09-18,23.3,,4.6,2.4,17.3,70,20.1,45244
184,力林,2019-09-19,22.8,,7.3,3.2,15.9,66,18.1,44700
184,力林,2019-09-20,22.5,,7.6,4,17.3,73,19.8,39589
184,力林,2019-09-21,20.5,156,10.4,5.5,19,91,22,32061
184,力林,2019-09-22,20.4,126.2,17.4,8.8,18.8,91,21.7,8032
184,力林,2019-09-23,21,,5.1,,16,74,18.3,51261
184,力林,2019-09-24,20.4,,3.5,1.9,12.6,62,14.7,45688
184,力林,2019-09-25,21.8,,5.7,2.6,15.3,68,17.5,45872
184,力林,2019-09-26,23.8,1,6.5,3.6,21.1,85,25,45571
184,力林,2019-09-27,23.8,36,5.6,3.2,22.8,94,27.8,46025
184,力林,2019-09-28,24.1,0.7,4.6,1.9,23.7,98,29.2,46013
184,力林,2019-09-29,24.1,,3.9,1.6,22.9,94,27.9,45170
184,力林,2019-09-30,23.6,22.6,4.2,1.2,22.2,92,26.7,39957
184,力林,2019-10-01,23.4,36.3,4.9,2.5,21.5,89,25.7,36904
184,力林,2019-10-02,24.8,136.2,9.6,5.3,22.6,88,27.3,13724
184,力林,2019-10-03,23.4,0.2,10.5,4.8,20.9,87,24.8,52192
184,力林,2019-10-04,23.1,,3.6,2,19.6,81,22.8,50723
184,力林,2019-10-05,20.8,,5.5,3,16.4,76,18.7,45126
184,力林,2019-10-06,20.8,1,6.2,2.7,16.6,78,19,46040
184,力林,2019-10-07,21.8,,6.7,3.4,17,74,19.4,44501
184,力林,2019-10-08,20.5,,5.7,3.6,12.8,62,14.8,45610
184,力林,2019-10-09,17.6,,3.5,1.8,6.8,50,10,46936
184,力林,2019-10-10,19,,4.1,2,8.3,51,11.2,43266
184,力林,2019-10-11,21,,4.2,2.1,12.2,58,14.4,45236
184,力林,2019-10-12,21.4,,5.9,2.4,13.6,62,15.6,45975
184,力林,2019-10-13,19.7,,6.8,3.1,12.4,63,14.4,46245
184,力林,2019-10-14,19.3,,5.8,3,13,67,15.1,50089
184,力林,2019-10-15,17.4,3.2,5.8,2.3,12,71,14.2,49163
184,力林,2019-10-16,18.1,,4.8,2.3,10.2,61,12.5,47610
184,力林,2019-10-17,19.3,,7.1,3.1,13.3,69,15.3,47827
184,力林,2019-10-18,19.1,8.3,6.1,3.3,17.2,89,19.6,49177
184,力林,2019-10-19,19.8,,4,2.3,15.3,76,17.4,50245
184,力林,2019-10-20,19.1,,5.2,2.3,14.1,73,16.1,46861
184,力林,2019-10-21,19.9,,5.8,2.8,13.1,66,15.1,49567
184,力林,2019-10-22,20.8,0.5,5.8,3,14.8,69,16.9,46957
184,力林,2019-10-23,20.3,0.6,6.7,3.1,16.4,79,18.7,49130
184,力林,2019-10-24,20.1,2.3,8.3,3.4,14.5,71,16.6,47865
184,力林,2019-10-25,20.1,,4.2,2.6,14.3,70,16.3,48076
184,力林,2019-10-26,16.5,,6.3,4.4,9.3,63,11.8,49147
184,力林,2019-10-27,16,,4.5,2.7,7.6,58,10.4,43693
184,力林,2019-10-28,15.7,,3.5,2,9,65,11.6,45706
184,力林,2019-10-29,17.9,,5,3.1,9.1,58,11.7,43083
184,力林,2019-10-30,16.3,,4.1,2.7,8.2,59,10.9,42805
184,力林,2019-10-31,16.5,,3.8,2.4,8.9,62,11.5,43979
184,力林,2019-11-01,18.3,,3.6,2.3,12.1,68,14.3,47027
184,力林,2019-11-02,18.6,,6.2,2.5,13.9,75,15.9,48695
184,力林,2019-11-03,17.5,,3.3,1.7,12.9,75,15,47999
184,力林,2019-11-04,17.3,,5.6,2.3,12.4,73,14.5,45989
184,力林,2019-11-05,17.3,,4,2.1,11,67,13.1,44015
184,力林,2019-11-06,15.8,,3.6,2.1,8.2,61,10.9,43739
184,力林,2019-11-07,15.9,,5.3,2.9,8.6,62,11.2,45552
184,力林,2019-11-08,13.8,,4.9,3.1,5.7,58,9.1,47188
184,力林,2019-11-09,14.4,,5.9,3,5.4,56,9,49049
184,力林,2019-11-10,15.5,2.9,8.4,3.3,8.6,64,11.4,44819
184,力林,2019-11-11,17.1,,8.9,5.1,9.3,60,11.7,43425
184,力林,2019-11-12,14.7,,4.2,1.7,7.1,61,10.1,41499
184,力林,2019-11-13,15,1.7,9.7,2.9,8.9,68,11.6,44244
184,力林,2019-11-14,11.2,,8.8,4.1,1.2,51,6.8,45396
184,力林,2019-11-15,12.1,,4.1,2.1,2.1,51,7.3,46580
184,力林,2019-11-16,16,,5.2,2.1,8.3,61,11.4,47289
184,力林,2019-11-17,20.1,,5.8,2.3,12.9,64,15,43881
184,力林,2019-11-18,13.7,6.1,9.5,5.4,8.6,72,11.6,41356
184,力林,2019-11-19,10.6,,8.1,5.2,1.2,52,6.7,38980
184,力林,2019-11-20,9.9,,7.4,3.2,1.7,57,6.9,41868
184,力林,2019-11-21,13.1,,7.1,2.8,6.8,66,10,45060
184,力林,2019-11-22,17.1,,7.1,2.9,12.8,76,14.8,45039
184,力林,2019-11-23,18.1,,5.4,3,13.3,74,15.4,45427
184,力林,2019-11-24,17.3,4.7,6.6,2.8,15.7,91,18.1,42049
184,力林,2019-11-25,10.1,,5.8,3.7,3.6,65,8,41175
184,力林,2019-11-26,13.5,8.2,8.4,2.6,9.6,78,12,38261
184,力林,2019-11-27,11.1,3.8,7.6,4.7,6.7,75,9.9,38924
184,力林,2019-11-28,10.8,,7,3.6,4.4,65,8.4,44149
184,力林,2019-11-29,9.7,,5.1,2.8,0.8,55,6.6,42511
184,力林,2019-11-30,12.5,0.1,4,2.1,4.4,59,8.6,41475
184,力林,2019-12-01,12.5,18.9,9.6,2.9,10.3,87,12.6,37869
184,力林,2019-12-02,9.9,,10.4,6,2.9,62,7.6,36057
184,力林,2019-12-03,9.5,,6.8,3.8,0.3,53,6.2,33698
184,力林,2019-12-04,11.3,,5.7,3.5,1.6,52,6.9,34580
184,力林,2019-12-05,8.7,,7.4,4.6,-0.1,54,6.1,41197
184,力林,2019-12-06,4.2,,6.7,4,-3.7,56,4.7,41566
184,力林,2019-12-07,7.5,,5.8,3.8,-1,55,5.7,40670
184,力林,2019-12-08,8.7,,6.1,2.9,1.3,60,6.7,40408
184,力林,2019-12-09,10.7,,4.8,2.4,2.8,59,7.5,40325
184,力林,2019-12-10,13.3,,5.5,2.7,4.3,55,8.5,37923
184,力林,2019-12-11,12.9,,8.2,4.1,5.8,62,9.3,44999
184,力林,2019-12-12,8.3,,6.8,3.6,-0.6,54,5.9,43434
184,力林,2019-12-13,8.6,,3.2,1.7,2.6,67,7.5,43139
184,力林,2019-12-14,10,,6.8,2.6,3.4,65,8,42021
184,力林,2019-12-15,12.5,,5.4,2.5,6.4,67,9.8,42582
184,力林,2019-12-16,14.9,0.1,5,2.5,8.1,64,10.8,40247
184,力林,2019-12-17,14.1,7.3,6.1,3.2,12.2,89,14.6,40675
184,力林,2019-12-18,8.8,,5.6,4,2.9,67,7.6,44149
184,力林,2019-12-19,7.8,,5.7,3.6,0.6,61,6.4,42663
184,力林,2019-12-20,8.4,,5.3,2.9,0.2,56,6.2,44887
184,力林,2019-12-21,8,,3.7,1.7,1,62,6.6,44669
184,力林,2019-12-22,9.6,1,5.3,2.1,4.3,70,8.3,43388
184,力林,2019-12-23,9.4,,5.4,3.1,3.1,65,7.7,42101
184,力林,2019-12-24,9.2,,4.6,2.3,2.6,64,7.4,42991
184,力林,2019-12-25,11.4,0.1,5.3,2.1,7.6,78,10.7,44509
184,力林,2019-12-26,9.9,9.4,10.4,4.5,6.1,78,9.6,45236
184,力林,2019-12-27,6.7,,9.5,5.2,-1.7,55,5.4,46068
184,力林,2019-12-28,7.7,,4,2,-0.2,58,6,45412
184,力林,2019-12-29,11.8,11.4,5.9,2.9,8.7,82,11.6,43271
184,力林,2019-12-30,11.5,,7.7,3.8,7.3,76,10.4,42914
184,力林,2019-12-31,2.9,,10,5.3,-3.8,62,4.6,40867
185,绊魂,2019-01-01,5.1,0,15,11.5,-1,64.8,5.7,
185,绊魂,2019-01-02,5.2,,12.7,9.1,-0.9,65,5.7,
185,绊魂,2019-01-03,5.3,,9.2,6.6,-0.7,65,5.8,
185,绊魂,2019-01-04,6.5,0.2,7.4,5.1,3.3,81,7.8,
185,绊魂,2019-01-05,6.8,0.2,9.8,7.8,1.6,71,7,
185,绊魂,2019-01-06,5.7,,10.5,8.2,0.8,71,6.5,
185,绊魂,2019-01-07,6.3,,9,7.3,1.1,70,6.6,
185,绊魂,2019-01-08,6.5,,14,10.1,0.7,67,6.4,
185,绊魂,2019-01-09,4,,13.2,6.3,-2.5,62,5.1,
185,绊魂,2019-01-10,6.3,,9.8,7.1,1.3,71,6.7,
185,绊魂,2019-01-11,7.3,2.2,8.7,4.5,3.3,76,7.8,
185,绊魂,2019-01-12,8.5,1.7,9.7,6.4,4.8,78,8.6,
185,绊魂,2019-01-13,7.7,,10,7.1,2.8,71,7.5,
185,绊魂,2019-01-14,6.8,,8.4,6.5,1.9,71,7.1,
185,绊魂,2019-01-15,6.7,,15.8,10,0.6,66,6.5,
185,绊魂,2019-01-16,2.9,,15.1,10.2,-2.3,69,5.2,
185,绊魂,2019-01-17,5.2,,12.8,9.3,-1.4,63,5.6,
185,绊魂,2019-01-18,6.5,,8.8,5.3,1,68,6.6,
185,绊魂,2019-01-19,11,0.1,12.8,6.4,6.6,75,9.9,
185,绊魂,2019-01-20,6.3,0.1,16.8,12.7,1.7,73,7.1,
185,绊魂,2019-01-21,5.9,,15.3,9.8,-0.1,65,6.1,
185,绊魂,2019-01-22,8.3,,9.9,7.9,1.6,63,6.9,
185,绊魂,2019-01-23,8.8,,10.1,8.1,1.8,62,7,
185,绊魂,2019-01-24,6.7,,9.3,7.5,0.1,63,6.2,
185,绊魂,2019-01-25,6,,17.3,9.3,0.1,66,6.2,
185,绊魂,2019-01-26,4.1,,19,12.5,-1.7,66,5.4,
185,绊魂,2019-01-27,5.9,,8.9,6.7,0.3,67,6.2,
185,绊魂,2019-01-28,7.7,,12.1,9.6,1.4,65,6.8,
185,绊魂,2019-01-29,6.1,,8.8,5.2,1.3,71,6.8,
185,绊魂,2019-01-30,7.5,0.1,6.7,4.6,2.8,73,7.5,
185,绊魂,2019-01-31,4.3,12.8,15.7,10.3,1.5,83,6.9,
185,绊魂,2019-02-01,4.8,,16.2,10.3,-1.3,64,5.6,
185,绊魂,2019-02-02,9.9,,9.8,6.8,4.1,68,8.4,
185,绊魂,2019-02-03,12.4,10.1,16.1,11.4,11.3,93,13.7,
185,绊魂,2019-02-04,6.5,,16,8.2,-1.5,57,5.6,
185,绊魂,2019-02-05,9.6,,5.9,3.2,2.1,60,7.2,
185,绊魂,2019-02-06,11.9,0.2,7,2.8,7.2,74,10.3,
185,绊魂,2019-02-07,6.8,2.3,12.7,8.8,2.8,77,8,
185,绊魂,2019-02-08,2.8,,11.2,7.7,-3,66,4.9,
185,绊魂,2019-02-09,2.6,0.3,14.4,9.6,-2,72,5.3,
185,绊魂,2019-02-10,2.9,,11.7,6.9,-2.3,69,5.2,
185,绊魂,2019-02-11,3.4,,14.6,9.5,-1.6,70,5.5,
185,绊魂,2019-02-12,5.7,,7.8,5.3,-2.4,57,5.2,
185,绊魂,2019-02-13,5.8,,9.6,6.8,-1.8,59,5.4,
185,绊魂,2019-02-14,5.2,,9.1,5.5,-1.5,62,5.5,
185,绊魂,2019-02-15,6.4,0.4,10.9,6.1,2.6,77,7.4,
185,绊魂,2019-02-16,3.7,,13.6,10.8,-1.2,70,5.6,
185,绊魂,2019-02-17,3.9,,9.9,8,-1.8,66,5.4,
185,绊魂,2019-02-18,7,3.4,7.1,3.8,3.4,79,8,
185,绊魂,2019-02-19,8.5,15.7,11.3,7.3,7.3,93,10.3,
185,绊魂,2019-02-20,6.6,,7.9,6.1,2.1,73,7.1,
185,绊魂,2019-02-21,6.5,,7.9,5.7,0.8,67,6.5,
185,绊魂,2019-02-22,7.9,0.8,9.1,5.5,3.7,75,8,
185,绊魂,2019-02-23,9.2,,8.1,4.9,3.5,68,7.9,
185,绊魂,2019-02-24,11.5,,6.2,3.7,2,53,7.1,
185,绊魂,2019-02-25,9,,9.1,6.9,3.3,68,7.8,
185,绊魂,2019-02-26,8.7,,9.2,6.2,1.4,61,6.8,
185,绊魂,2019-02-27,10.5,0.9,6.4,3.7,6.8,78,9.9,
185,绊魂,2019-02-28,9.4,,8.3,6.8,4.2,71,8.3,
185,绊魂,2019-03-01,8.6,,8.7,6.2,1.7,62,6.9,
185,绊魂,2019-03-02,10,1.3,4.9,3.2,5.3,74,9.1,
185,绊魂,2019-03-03,11.1,5.1,7.6,3.6,7.3,79,10.3,
185,绊魂,2019-03-04,9.4,1.7,10,7.6,5.1,75,8.8,
185,绊魂,2019-03-05,11.2,1.1,6.5,3.1,3.8,62,8.1,
185,绊魂,2019-03-06,9.7,5.8,12.9,7.2,6.9,83,10,
185,绊魂,2019-03-07,7.4,,14.8,10.1,3.7,78,8,
185,绊魂,2019-03-08,8.3,,6.4,3.6,4.1,75,8.2,
185,绊魂,2019-03-09,11.3,5.9,7.3,5,8.1,82,11,
185,绊魂,2019-03-10,11,3.1,11.7,6.1,9.2,89,11.7,
185,绊魂,2019-03-11,10.2,12.2,15.7,8.5,5.8,75,9.3,
185,绊魂,2019-03-12,9.9,,15.7,9.9,5.1,72,8.9,
185,绊魂,2019-03-13,8.3,,16.4,8.8,-1,53,5.7,
185,绊魂,2019-03-14,9.6,,8.3,4.5,0.3,54,6.3,
185,绊魂,2019-03-15,10.1,0.2,16.3,9.4,4.9,71,8.9,
185,绊魂,2019-03-16,9.1,,14,7.1,3.6,69,8,
185,绊魂,2019-03-17,10.6,,11.6,6.3,4.2,66,8.4,
185,绊魂,2019-03-18,10.4,6.3,5,1.3,6.3,77,9.7,
185,绊魂,2019-03-19,11.7,,7.9,4.4,8.2,80,10.9,
185,绊魂,2019-03-20,14.5,3.3,10.6,6.5,12.4,88,14.7,
185,绊魂,2019-03-21,9.4,,12,9.3,7.4,88,10.5,
185,绊魂,2019-03-22,6.5,,9.7,8.2,1,68,6.6,
185,绊魂,2019-03-23,8,,14.3,8.9,-0.8,54,5.9,
185,绊魂,2019-03-24,7,,9.6,4.1,-0.4,59,6,
185,绊魂,2019-03-25,9.1,,6,2.5,3.3,67,7.8,
185,绊魂,2019-03-26,13.6,,9.5,5.1,10.2,81,12.5,
185,绊魂,2019-03-27,14.5,,6.8,4.2,10.6,79,12.9,
185,绊魂,2019-03-28,13.4,,6.4,2.9,11,86,13.1,
185,绊魂,2019-03-29,12.8,,6.4,2.7,7.3,71,10.4,
185,绊魂,2019-03-30,10.2,,19.6,8.4,4.1,66,8.3,
185,绊魂,2019-03-31,7.8,,15.7,10.3,-3.2,46,4.9,
185,绊魂,2019-04-01,10.1,,9.8,7.5,1,54,6.8,
185,绊魂,2019-04-02,9.7,,8.9,4.7,2.4,62,7.4,
185,绊魂,2019-04-03,9.9,,6.2,5,-1.6,45,5.5,
185,绊魂,2019-04-04,10.8,,5.4,3.3,2.7,58,7.5,
185,绊魂,2019-04-05,13.7,,6.4,4.4,10.5,82,12.7,
185,绊魂,2019-04-06,12.7,,4.6,3.3,11.2,91,13.3,
185,绊魂,2019-04-07,14.3,2,10.7,4.4,12.6,90,14.6,
185,绊魂,2019-04-08,13.5,,5.2,3.1,9.4,78.8,11.9,
185,绊魂,2019-04-09,15.7,5.8,10.1,6.1,11,76,13.5,
185,绊魂,2019-04-10,9.9,0.8,10.8,7.2,8,89,10.9,
185,绊魂,2019-04-11,11.3,,6.6,3.2,7.5,78,10.3,
185,绊魂,2019-04-12,12,,6.1,4.2,6,67,9.4,
185,绊魂,2019-04-13,13.1,,3.5,2.5,5.8,62,9.3,
185,绊魂,2019-04-14,13.3,,9.2,4.9,9.6,79,12,
185,绊魂,2019-04-15,12.1,,7.5,4.9,2.3,52,7.3,
185,绊魂,2019-04-16,15.7,,5.4,2.7,8.5,65,11.7,
185,绊魂,2019-04-17,15.4,,4.1,2,11.6,79,13.7,
185,绊魂,2019-04-18,14.7,,4.8,3.1,12.9,90,14.9,
185,绊魂,2019-04-19,16.3,,4.6,2.4,13.2,83,15.2,
185,绊魂,2019-04-20,15.8,,4.8,2.9,13.2,85,15.2,
185,绊魂,2019-04-21,17.6,,4.3,2,13.4,77,15.4,
185,绊魂,2019-04-22,18.9,,5.5,2.9,14.1,74,16.1,
185,绊魂,2019-04-23,18.3,13.1,8.8,5.1,16.2,89,18.4,
185,绊魂,2019-04-24,15.9,,7.2,4,15.4,97,17.5,
185,绊魂,2019-04-25,14.5,,6.4,3.7,14.1,98,16.1,
185,绊魂,2019-04-26,11.2,,9.3,7.7,7.8,80,10.6,
185,绊魂,2019-04-27,12.9,,8.4,3.9,8.5,75,11.1,
185,绊魂,2019-04-28,14.9,,5.7,2.7,8.7,67,11.3,
185,绊魂,2019-04-29,15.5,6.2,5.9,2.5,14.7,96,16.8,
185,绊魂,2019-04-30,14.6,,5.6,3.6,14.2,98,16.2,
185,绊魂,2019-05-01,13.3,,7.1,5,11.1,87,13.2,
185,绊魂,2019-05-02,15,,7.2,4.6,9.1,70,11.8,
185,绊魂,2019-05-03,16.9,,4.9,3.2,10.6,68,13.1,
185,绊魂,2019-05-04,17.5,,4,2.5,10.7,66,13,
185,绊魂,2019-05-05,18.3,,5.1,2.9,12,69,14.5,
185,绊魂,2019-05-06,13.8,,8.2,6,7.4,67,10.5,
185,绊魂,2019-05-07,14,,6.7,3.9,6.7,62,9.9,
185,绊魂,2019-05-08,15.6,,4.2,2.6,7.2,59,10.2,
185,绊魂,2019-05-09,15.8,,5,3.1,7.6,59,10.6,
185,绊魂,2019-05-10,16.3,,4.6,2.8,10.3,69,12.7,
185,绊魂,2019-05-11,17.5,,4.6,3.1,10.5,65,13,
185,绊魂,2019-05-12,17.9,,3.6,2.3,14.5,82,16.6,
185,绊魂,2019-05-13,19.4,,4.6,2,16.2,83,18.5,
185,绊魂,2019-05-14,19.2,0.4,5.3,2.3,17.3,89,19.7,
185,绊魂,2019-05-15,19.6,,4,1.7,15.6,79,17.7,
185,绊魂,2019-05-16,22,,5.8,4.1,17.2,75,19.7,
185,绊魂,2019-05-17,20.6,10.8,7.9,5.1,16.6,80,18.9,
185,绊魂,2019-05-18,20.3,44.4,9,5.5,19.8,97,23.1,
185,绊魂,2019-05-19,20.2,,7.6,5.7,19,94,22,
185,绊魂,2019-05-20,16,,8.7,6.7,11.6,77,14,
185,绊魂,2019-05-21,17.5,,6.2,3.3,12.9,76,15,
185,绊魂,2019-05-22,18.4,,4,2.6,14.1,77,16.1,
185,绊魂,2019-05-23,19.2,,3.8,2.6,16.8,87,19.2,
185,绊魂,2019-05-24,20.2,,3.9,2.8,16.9,82,19.3,
185,绊魂,2019-05-25,20.6,,4.8,3.5,17.5,84,20,
185,绊魂,2019-05-26,21.1,0.2,6.5,5.1,18.3,85,21.1,
185,绊魂,2019-05-27,18.2,64.2,8.5,6.1,17.8,98,20.5,
185,绊魂,2019-05-28,17,,7.9,5.4,12.3,75,14.4,
185,绊魂,2019-05-29,19.2,,4.5,2.5,14.3,75,16.7,
185,绊魂,2019-05-30,20.7,0.1,3.5,2.2,13.6,66,15.8,
185,绊魂,2019-05-31,17,2.5,5,2.2,14.1,85,16.2,
185,绊魂,2019-06-01,18.5,,4,1.7,15.4,83,17.6,
185,绊魂,2019-06-02,19.5,,2.9,1.2,15.3,77,17.5,
185,绊魂,2019-06-03,20.7,,3.6,1.2,15.7,74,18.1,
185,绊魂,2019-06-04,20.9,,4.6,2.2,18.5,86,21.3,
185,绊魂,2019-06-05,21.1,,2.9,1.6,18.7,87,21.6,
185,绊魂,2019-06-06,21.7,15.4,6.8,5,20.7,95,24.5,
185,绊魂,2019-06-07,18.5,,9.3,7.1,18.1,98,20.8,
185,绊魂,2019-06-08,18.9,,6.2,1.8,17.9,95,20.5,
185,绊魂,2019-06-09,20,,4.1,1.3,18,89,20.7,
185,绊魂,2019-06-10,19.4,,3.8,1.7,17,87,19.4,
185,绊魂,2019-06-11,19.1,,2.7,0.8,16.9,88,19.2,
185,绊魂,2019-06-12,19,,3.8,2.3,16.9,88,19.3,
185,绊魂,2019-06-13,19.5,,4.3,1.6,17.3,88,19.8,
185,绊魂,2019-06-14,18.7,39.2,5,3.2,18.3,98,21,
185,绊魂,2019-06-15,19.5,,6.1,5.1,18.3,93,21,
185,绊魂,2019-06-16,19.8,,6,4.4,17.9,90,20.6,
185,绊魂,2019-06-17,20.3,,4.5,1.7,18.9,92,21.9,
185,绊魂,2019-06-18,19.9,2.6,4.3,2.1,19.5,98,22.7,
185,绊魂,2019-06-19,20.3,,3.5,1.8,19.3,95,22.4,
185,绊魂,2019-06-20,21.2,,2.5,0.7,19.2,89,22.3,
185,绊魂,2019-06-21,22.1,,0.4,0.1,19.2,84,22.3,
185,绊魂,2019-06-22,20.6,,0.4,0.2,19.4,94,22.6,
185,绊魂,2019-06-23,20.9,,4.2,1.3,18.7,88,21.5,
185,绊魂,2019-06-24,21.1,,3.8,1.8,18.2,84,21,
185,绊魂,2019-06-25,22.8,1,4.1,2.8,18.9,80,22,
185,绊魂,2019-06-26,21.9,109.9,4.4,2.9,21.6,99,26,
185,绊魂,2019-06-27,22.2,0.9,4,2.6,22.1,100,26.5,
185,绊魂,2019-06-28,22.8,,3,1.5,21.5,93,25.7,
185,绊魂,2019-06-29,23.2,3.9,5.5,4.2,23.1,100,28.2,
185,绊魂,2019-06-30,22,,4.9,2.2,21.6,98,25.8,
185,绊魂,2019-07-01,21.6,2.1,3.5,1.5,21.4,99,25.5,
185,绊魂,2019-07-02,21.7,,2.8,1,21.4,99,25.5,
185,绊魂,2019-07-03,21.5,,3.4,1.5,20.7,96,24.5,
185,绊魂,2019-07-04,20.8,,3.1,2,20,96,23.4,
185,绊魂,2019-07-05,23.4,,3.7,1.3,19.3,79,22.6,
185,绊魂,2019-07-06,23,,4.3,2.5,20,84,23.6,
185,绊魂,2019-07-07,23.2,1,4.3,3.1,20.3,85,23.9,
185,绊魂,2019-07-08,22.4,8.1,3.9,2.3,20.1,87,23.5,
185,绊魂,2019-07-09,22.3,1.7,4.3,2.3,19.9,87,23.3,
185,绊魂,2019-07-10,21.2,6.7,5,3.2,20.7,97,24.4,
185,绊魂,2019-07-11,22.8,,4.8,3.9,21.6,94,25.9,
185,绊魂,2019-07-12,22.6,0.4,3.6,1.9,21.3,93,25.4,
185,绊魂,2019-07-13,20.3,37.2,3.5,1.7,19.8,98,23.1,
185,绊魂,2019-07-14,22.5,,3.8,2.7,21.8,97,26.1,
185,绊魂,2019-07-15,23.4,,3.4,1.5,22.1,93,26.5,
185,绊魂,2019-07-16,23.4,,3.4,1.5,21,87,25,
185,绊魂,2019-07-17,23.9,6.8,3.3,1.6,22.4,92,27.1,
185,绊魂,2019-07-18,25.2,21.8,3.8,,24.7,98,31.1,
185,绊魂,2019-07-19,24.9,62.6,4.7,,24.7,100,31.2,
185,绊魂,2019-07-20,23,32.3,5,,22.9,100,27.9,
185,绊魂,2019-07-21,24.3,,4,2.8,23.9,98,29.6,
185,绊魂,2019-07-22,24.7,8.3,3.3,2.6,24.5,99,30.7,
185,绊魂,2019-07-23,25.1,,3.5,3.2,24.9,99,31.4,
185,绊魂,2019-07-24,25,0.7,3.6,3.2,24.9,100,31.5,
185,绊魂,2019-07-25,25.6,1.6,3.4,2.9,25.5,100,32.6,
185,绊魂,2019-07-26,26.1,,3.9,3.3,25.9,100,33.4,
185,绊魂,2019-07-27,26.2,,3.9,3.2,26.1,100,33.8,
185,绊魂,2019-07-28,26.9,,4,3.4,26.4,98,34.3,
185,绊魂,2019-07-29,27.3,,3.6,3.2,26.6,97,34.9,
185,绊魂,2019-07-30,27.6,,3.8,3.3,27.2,98,36,
185,绊魂,2019-07-31,28,,3.8,3,26.9,95,35.4,
185,绊魂,2019-08-01,28.1,,3.5,2.2,26.6,93,34.8,
185,绊魂,2019-08-02,27.5,,2.8,1.6,25.6,90,32.8,
185,绊魂,2019-08-03,27.9,,2.8,1.8,24.5,83,30.7,
185,绊魂,2019-08-04,28.1,0.5,3.3,1.8,24.7,83,31.1,
185,绊魂,2019-08-05,27.3,,5.4,2.1,24.2,84,30.3,
185,绊魂,2019-08-06,26.9,,6.3,4.2,25.2,91,32.1,
185,绊魂,2019-08-07,28.4,,6.3,3.5,26,88,33.6,
185,绊魂,2019-08-08,29.6,0.9,7.7,5.4,24.9,77,31.5,
185,绊魂,2019-08-09,29.5,,8.4,5.8,23.8,72,29.5,
185,绊魂,2019-08-10,29.1,,13.7,10,24.8,78,31.2,
185,绊魂,2019-08-11,27.2,21.1,14.1,11.4,26.5,96,34.6,
185,绊魂,2019-08-12,27.3,10.5,12.7,8.6,26.9,98,35.4,
185,绊魂,2019-08-13,28.4,,5.8,3.5,26.2,89,34,
185,绊魂,2019-08-14,27.1,3.8,9.7,7.5,25.2,90,32,
185,绊魂,2019-08-15,26.8,0.2,15.3,11.3,25.1,91,32,
185,绊魂,2019-08-16,27.4,0.4,14.7,8.3,24.1,83,30,
185,绊魂,2019-08-17,27.1,,6.6,4.2,24.5,86,30.7,
185,绊魂,2019-08-18,26.4,,6.6,4.3,21.9,77,26.5,
185,绊魂,2019-08-19,25.5,,5.4,3.6,22.5,84,27.2,
185,绊魂,2019-08-20,26.6,,5.8,2.8,24.6,90,31,
185,绊魂,2019-08-21,26.9,19,9.6,5.6,26,95,33.6,
185,绊魂,2019-08-22,27.4,3.4,11.6,6.7,26.2,93,34.1,
185,绊魂,2019-08-23,26.6,0.2,5.4,2.6,22.5,79,27.4,
185,绊魂,2019-08-24,26,,4.7,2.5,21.6,77,25.9,
185,绊魂,2019-08-25,24.4,,5.2,2.6,20,77,23.3,
185,绊魂,2019-08-26,25.4,2.5,7.1,4.9,23.2,88,28.7,
185,绊魂,2019-08-27,26.3,106.8,10.9,6.3,26.1,99,33.9,
185,绊魂,2019-08-28,24.2,81.5,12.8,4.2,23.6,97,29.3,
185,绊魂,2019-08-29,21.9,70.7,7.9,3.8,21.5,98,25.7,
185,绊魂,2019-08-30,24.7,,9,4.7,20.7,79,24.5,
185,绊魂,2019-08-31,24.3,,4.9,3.2,19.7,77,23.1,
185,绊魂,2019-09-01,22.6,10.6,6.3,2.6,20.1,87,23.6,
185,绊魂,2019-09-02,24.8,51.7,13.3,3.7,24.2,97,30.2,
185,绊魂,2019-09-03,24.8,39.3,11.7,3.3,24.5,99,30.7,
185,绊魂,2019-09-04,24.2,67.9,8.5,4.7,23.4,96,28.7,
185,绊魂,2019-09-05,26.3,,7,4.6,25.1,93,31.9,
185,绊魂,2019-09-06,26,36.1,19.7,9.1,25.1,95,31.9,
185,绊魂,2019-09-07,25.3,4.3,26.9,11.5,24.7,97.1,31.2,
185,绊魂,2019-09-08,24.1,16.3,5.2,3,23.6,98,29.1,
185,绊魂,2019-09-09,26,62.9,9.5,6.7,25.3,97,32.3,
185,绊魂,2019-09-10,26.2,,8.7,5.7,24.9,93,31.6,
185,绊魂,2019-09-11,25.5,1.2,7.6,5.1,24.6,95,31,
185,绊魂,2019-09-12,25.2,,4.8,2.3,23.3,90,28.7,
185,绊魂,2019-09-13,24.1,,8.1,3.4,21,84,24.9,
185,绊魂,2019-09-14,23.4,,7.8,5.2,19.6,80,22.9,
185,绊魂,2019-09-15,23.8,,7.7,5.5,22.3,92,26.9,
185,绊魂,2019-09-16,23.3,,7.1,5,21.5,90,25.6,
185,绊魂,2019-09-17,23.8,,10,4.7,19,75,22,
185,绊魂,2019-09-18,22.2,,14.2,7,18,78,20.8,
185,绊魂,2019-09-19,22.6,,8.5,5.1,16.6,70,19,
185,绊魂,2019-09-20,22.6,0.7,9,5.5,17.7,75,20.3,
185,绊魂,2019-09-21,19.9,35.5,15.3,9.1,18.7,94,21.7,
185,绊魂,2019-09-22,20.5,34.1,22.7,14.9,19.1,92,22,
185,绊魂,2019-09-23,20.7,,13,8.3,16.1,75,18.4,
185,绊魂,2019-09-24,20.5,,6.6,4.7,14.9,71,17,
185,绊魂,2019-09-25,21,,5.7,3.5,16.3,75,18.6,
185,绊魂,2019-09-26,23.7,,7.3,4.7,20.2,82,23.6,
185,绊魂,2019-09-27,23.7,0.7,4.9,2.3,22.1,92,26.7,
185,绊魂,2019-09-28,24.6,,4.5,2.5,23.3,93,28.6,
185,绊魂,2019-09-29,23.7,0.2,5.4,3.4,23,97,28.1,
185,绊魂,2019-09-30,23.7,38.6,4.6,2.8,22.6,94,27.4,
185,绊魂,2019-10-01,23.1,34.7,9.4,4.5,22.3,96,27,
185,绊魂,2019-10-02,23.8,88.4,22.4,13,23.5,99,29,
185,绊魂,2019-10-03,23.1,0.7,22,12.5,21.3,90,25.3,
185,绊魂,2019-10-04,23.3,,8.2,5.2,20,82,23.3,
185,绊魂,2019-10-05,20.4,,11.3,7.8,16.7,80,19.2,
185,绊魂,2019-10-06,21,,9.2,4.9,16.7,77,19,
185,绊魂,2019-10-07,21.3,2.2,12.9,8.5,17.9,81,20.5,
185,绊魂,2019-10-08,20,,13.2,9,13.7,68,15.9,
185,绊魂,2019-10-09,17.5,,8.7,5.6,8.7,57,11.3,
185,绊魂,2019-10-10,19.8,,5,2.9,12.8,65,14.8,
185,绊魂,2019-10-11,20.8,,7.8,5.7,13.8,65,15.8,
185,绊魂,2019-10-12,21,,9,5.5,15,69,17.1,
185,绊魂,2019-10-13,19.9,,7.1,4.6,13.1,66,15.1,
185,绊魂,2019-10-14,18.4,,12.7,8.5,13.6,74,15.7,
185,绊魂,2019-10-15,17.3,,12.3,7.6,12.1,72,14.2,
185,绊魂,2019-10-16,17.9,,6.5,4.8,10.9,64,13,
185,绊魂,2019-10-17,18.8,,7.5,4.6,14,74,16,
185,绊魂,2019-10-18,19.1,1.2,8.4,5.7,16.4,85,18.6,
185,绊魂,2019-10-19,19.2,,9.4,6.8,15.2,78,17.3,
185,绊魂,2019-10-20,18.9,,6.9,5.1,14.2,75,16.3,
185,绊魂,2019-10-21,19.6,,9,5.1,13,66,15,
185,绊魂,2019-10-22,19.6,,7,4.8,14.6,73,16.7,
185,绊魂,2019-10-23,20,,10.3,4.4,15.4,75,17.5,
185,绊魂,2019-10-24,19.6,,11.1,6.7,14.8,75,16.9,
185,绊魂,2019-10-25,19.7,,10.6,7.4,15.3,76,17.3,
185,绊魂,2019-10-26,16,,14.4,11.4,9.9,68,12.3,
185,绊魂,2019-10-27,15.5,,10.9,7.4,8.3,63,11,
185,绊魂,2019-10-28,15.9,,5.9,3.6,9.9,68,12.2,
185,绊魂,2019-10-29,17.6,,12.5,7.6,10.5,64,12.8,
185,绊魂,2019-10-30,16.3,,10.1,6.2,9.3,64,11.7,
185,绊魂,2019-10-31,16.4,,7.8,4,10.8,70,13,
185,绊魂,2019-11-01,17.9,,7.9,4.9,14.3,80,16.3,
185,绊魂,2019-11-02,18.9,,5.2,3.2,13.9,73,15.9,
185,绊魂,2019-11-03,17.8,,6.9,4.8,13.4,76,15.4,
185,绊魂,2019-11-04,17.3,,6.7,3.8,12.9,76,14.9,
185,绊魂,2019-11-05,16.7,,6.7,4.3,11.8,74,13.9,
185,绊魂,2019-11-06,16,,6.9,5,10,68,12.3,
185,绊魂,2019-11-07,15.6,,12,7.9,9.8,69,12.2,
185,绊魂,2019-11-08,13.2,,11.8,9.4,7,66,10,
185,绊魂,2019-11-09,14.2,,10.6,7.4,7.4,64,10.4,
185,绊魂,2019-11-10,16.4,0.2,21.9,8.7,10.7,70,12.9,
185,绊魂,2019-11-11,16.9,,17.9,12.9,9.6,62,12,
185,绊魂,2019-11-12,14.9,,8.7,4.7,8.5,66,11.1,
185,绊魂,2019-11-13,15.6,0.8,19.6,7.6,11,75,13.2,
185,绊魂,2019-11-14,10.6,,20.2,10,2.7,59,7.6,
185,绊魂,2019-11-15,13.6,,7.6,3.8,5.2,57,9,
185,绊魂,2019-11-16,17.8,,7.3,3.8,12.4,71,14.4,
185,绊魂,2019-11-17,20.6,0.7,11.2,8.8,17.5,83,20.1,
185,绊魂,2019-11-18,13.2,10,22.2,14.4,9.2,77,12,
185,绊魂,2019-11-19,10.4,,18.7,13.1,3.4,62,7.8,
185,绊魂,2019-11-20,9.9,,11,6.4,3.1,63,7.7,
185,绊魂,2019-11-21,13,,6.9,4,5.7,62,9.3,
185,绊魂,2019-11-22,16.9,,6.3,3.9,11.5,71,13.7,
185,绊魂,2019-11-23,17.9,0.2,5.5,2.9,13.8,78,15.8,
185,绊魂,2019-11-24,17.1,1.5,14.9,6.6,15.1,89,17.4,
185,绊魂,2019-11-25,9.5,,16.3,11.6,4.7,72,8.6,
185,绊魂,2019-11-26,13.2,,8,5.7,9.6,79,12,
185,绊魂,2019-11-27,10.7,2.6,13.3,10.2,7.5,81,10.5,
185,绊魂,2019-11-28,10.2,,10.9,8.5,5,70,8.7,
185,绊魂,2019-11-29,9.6,,9.5,6.9,2.4,62,7.3,
185,绊魂,2019-11-30,12.7,0.1,8,4.3,6.7,68,10,
185,绊魂,2019-12-01,12.4,26.4,16.2,6.7,11.2,93,13.5,
185,绊魂,2019-12-02,9.7,,20,14.3,4.1,69,8.3,
185,绊魂,2019-12-03,9.3,,16.2,9.4,1.9,60,7,
185,绊魂,2019-12-04,11.5,,11.5,8.1,3.4,58,7.8,
185,绊魂,2019-12-05,8.7,,14.4,9.3,1.8,63,7,
185,绊魂,2019-12-06,4.2,,12.1,8.6,-2.1,64,5.2,
185,绊魂,2019-12-07,7.4,,13.7,8.9,0.5,62,6.4,
185,绊魂,2019-12-08,9,,11.6,6.8,2.4,64,7.3,
185,绊魂,2019-12-09,11.5,,7.7,3.9,5,65,8.7,
185,绊魂,2019-12-10,15.4,,7.5,4.8,8,62,10.8,
185,绊魂,2019-12-11,13.6,,16.9,9.4,7.9,69,10.8,
185,绊魂,2019-12-12,7.9,,17.3,9,0.7,61,6.4,
185,绊魂,2019-12-13,9.8,,6.4,3.7,4.9,72,8.8,
185,绊魂,2019-12-14,10.3,,11.4,7.7,4.2,67,8.4,
185,绊魂,2019-12-15,12.6,,5.9,3.7,6.9,69,10.2,
185,绊魂,2019-12-16,14.2,1.4,6.7,4.9,9.4,74,11.8,
185,绊魂,2019-12-17,14.4,6.6,13.8,9.8,13.2,93,15.6,
185,绊魂,2019-12-18,8.3,,14.4,11.7,3.8,74,8.1,
185,绊魂,2019-12-19,7.4,,14.3,10.9,1.7,68,6.9,
185,绊魂,2019-12-20,8.2,,13.3,7,1.2,62,6.7,
185,绊魂,2019-12-21,8.1,,8,4.8,1.1,62,6.7,
185,绊魂,2019-12-22,9.7,0.8,9.9,5.2,4.7,72,8.5,
185,绊魂,2019-12-23,10,,11.8,7.7,4.6,69,8.5,
185,绊魂,2019-12-24,9,,7.5,4.5,3.5,69,7.9,
185,绊魂,2019-12-25,11.9,,7.5,3.9,7,73,10.2,
185,绊魂,2019-12-26,9.4,20.8,22.7,10.7,6.7,84,10,
185,绊魂,2019-12-27,6.5,,21.5,12.1,-0.3,62,6,
185,绊魂,2019-12-28,8,,7.3,3.2,1.8,65,7,
185,绊魂,2019-12-29,12.1,26.8,18.1,6.4,10.2,89,12.8,
185,绊魂,2019-12-30,10.9,,17,10.5,7.5,80,10.6,
185,绊魂,2019-12-31,2.9,1,21.9,13.3,-2.4,68,5.1,
188,己魂,2019-01-01,4.6,0.2,5.3,2.8,-2.2,61.3,5.2,
188,己魂,2019-01-02,3.9,,5.1,2.6,-3.3,60,4.8,
188,己魂,2019-01-03,4.2,,4.9,2.8,-2.6,62,5.1,
188,己魂,2019-01-04,6.2,0.3,4,2.1,2.4,77,7.3,
188,己魂,2019-01-05,6.3,0.2,7.1,3.5,0,65,6.2,
188,己魂,2019-01-06,4.8,,6.9,3.6,-2,61,5.3,
188,己魂,2019-01-07,5.5,,5.4,3.5,-0.6,65,5.8,
188,己魂,2019-01-08,5.9,,6.8,4,-1.3,60,5.6,
188,己魂,2019-01-09,4,,4.8,3,-3.6,58,4.7,
188,己魂,2019-01-10,6.4,,6.8,3.4,0.2,65,6.2,
188,己魂,2019-01-11,7.1,1.1,5.4,2.5,2.3,72,7.3,
188,己魂,2019-01-12,7.8,0.4,6.6,3.2,3.3,75,7.8,
188,己魂,2019-01-13,6.4,,6.4,2.8,0.5,67,6.4,
188,己魂,2019-01-14,6.7,,4.9,2.9,0.2,64,6.2,
188,己魂,2019-01-15,6.5,,7.7,4.3,-1.3,58,5.6,
188,己魂,2019-01-16,2.5,,6.7,3.8,-4.7,59,4.3,
188,己魂,2019-01-17,4.7,,7.1,3.4,-3.6,55,4.7,
188,己魂,2019-01-18,5.4,,4.7,2.4,-1,65,5.7,
188,己魂,2019-01-19,9.3,0.2,4.7,1.7,5.2,76,8.9,
188,己魂,2019-01-20,6,,7.8,4.1,-0.9,62,6,
188,己魂,2019-01-21,5,,7.4,3.8,-2.6,58,5,
188,己魂,2019-01-22,7.3,,5.9,3.5,-1.2,56,5.6,
188,己魂,2019-01-23,7.7,,6.5,3.7,-1.5,53,5.5,
188,己魂,2019-01-24,6.3,,6.3,3.7,-3.1,52,4.9,
188,己魂,2019-01-25,5.9,,6.3,4.2,-2.8,54,5,
188,己魂,2019-01-26,3.1,,7.2,4.1,-6.2,51,3.9,
188,己魂,2019-01-27,5,,6.3,3.2,-2,61,5.3,
188,己魂,2019-01-28,6.3,,7,3.1,-1.3,59,5.6,
188,己魂,2019-01-29,5.8,,5.1,2.3,-0.8,63,5.8,
188,己魂,2019-01-30,7.9,0.3,4.7,2.4,2.4,69,7.3,
188,己魂,2019-01-31,3.9,13.5,6.2,3.7,-0.1,77,6.2,
188,己魂,2019-02-01,3.6,,8.3,5.1,-4.3,57,4.5,
188,己魂,2019-02-02,8.3,,6.4,3.7,2.1,66,7.4,
188,己魂,2019-02-03,13.2,19.5,9.6,5.5,10.7,85,13.2,
188,己魂,2019-02-04,6.2,,5.9,3.1,-4,50,4.6,
188,己魂,2019-02-05,8.7,,3.9,2.4,1.3,61,6.8,
188,己魂,2019-02-06,11.1,,4.4,2,6.5,74,9.7,
188,己魂,2019-02-07,5.9,,9.1,4.1,0.7,70,6.8,
188,己魂,2019-02-08,3,,8.7,4,-5.6,53,4.1,
188,己魂,2019-02-09,2.3,,8.4,4.5,-4.7,60,4.3,
188,己魂,2019-02-10,2.9,,6.5,3.6,-5.3,55,4.1,
188,己魂,2019-02-11,2.9,,6.4,3.6,-4.4,59,4.4,
188,己魂,2019-02-12,5.3,,5.9,2.8,-3.3,55,4.8,
188,己魂,2019-02-13,6.1,,6.4,3.1,-3.8,50,4.7,
188,己魂,2019-02-14,4.9,,4.4,2.4,-2.4,60,5.2,
188,己魂,2019-02-15,5.7,0.4,6.2,2.9,1.4,74,6.8,
188,己魂,2019-02-16,3.8,,8.7,4.5,-2.8,62,5,
188,己魂,2019-02-17,3.9,,6.9,4.1,-3.9,57,4.6,
188,己魂,2019-02-18,7.6,2.8,5.2,2.8,2.1,69,7.4,
188,己魂,2019-02-19,10,49.5,8.5,4.3,6.8,81,10.2,
188,己魂,2019-02-20,6.4,,5.5,3.1,0.7,67,6.4,
188,己魂,2019-02-21,6.8,,5.5,2.6,-0.4,60,5.9,
188,己魂,2019-02-22,8.4,1.7,6,2.6,3.6,72,7.9,
188,己魂,2019-02-23,9.7,,6,3.9,1.8,58,7,
188,己魂,2019-02-24,11,,5.1,3.3,0.9,51,6.6,
188,己魂,2019-02-25,8.8,,6.8,3.9,-0.9,54,5.8,
188,己魂,2019-02-26,9.2,,6.4,2.8,-5,40,4.4,
188,己魂,2019-02-27,10.5,3.3,5,2.4,5.8,74,9.3,
188,己魂,2019-02-28,9.9,0.2,5.8,2.8,3.1,65,7.7,
188,己魂,2019-03-01,8.9,,6.3,3.7,-0.4,54,6,
188,己魂,2019-03-02,10.9,1,5.9,2.6,4.2,64,8.4,
188,己魂,2019-03-03,11.5,6.9,5.4,2.9,6.8,73,9.9,
188,己魂,2019-03-04,9.9,0.2,7.5,4.3,3.1,64,7.7,
188,己魂,2019-03-05,11,,5.9,2.2,3.1,60,7.8,
188,己魂,2019-03-06,9.7,9,7.4,3.6,5.9,78,9.3,
188,己魂,2019-03-07,7.7,,7.8,4.7,1.7,67,6.9,
188,己魂,2019-03-08,8.5,,4.6,2.3,1.4,63,6.8,
188,己魂,2019-03-09,11.5,16.7,8.4,3.6,7,75,10.3,
188,己魂,2019-03-10,10.7,37.6,8.3,4.8,8.7,88,11.3,
188,己魂,2019-03-11,10.2,,7,4.1,3.3,63,7.9,
188,己魂,2019-03-12,9.8,,7.8,4.2,1,57,6.7,
188,己魂,2019-03-13,6.7,,7.6,3.8,-4.6,46,4.4,
188,己魂,2019-03-14,8,,4.8,2.4,-2.6,50,5.1,
188,己魂,2019-03-15,9.9,,7.6,4.3,0.9,54,6.7,
188,己魂,2019-03-16,9.1,,6.3,2.8,0.8,57,6.6,
188,己魂,2019-03-17,10.7,,5.8,3.3,0.4,52,6.5,
188,己魂,2019-03-18,9.9,8.8,4.3,1.7,5.4,75,9.1,
188,己魂,2019-03-19,12.4,,7,3,5,63,8.8,
188,己魂,2019-03-20,14.6,53.1,8.1,4,11.2,81,13.7,
188,己魂,2019-03-21,11.5,0.2,9.9,5.3,6.8,74,10.2,
188,己魂,2019-03-22,7.1,,9.2,6.1,-0.5,59,5.9,
188,己魂,2019-03-23,7.7,,7.9,4.3,-3.4,46,4.8,
188,己魂,2019-03-24,6.6,,6.9,2.6,-3.2,51,4.9,
188,己魂,2019-03-25,8.5,,4.2,2,1.6,63,6.9,
188,己魂,2019-03-26,13.6,,6.4,2.6,4.8,58,8.7,
188,己魂,2019-03-27,13.5,,10.2,5.1,6,62,9.5,
188,己魂,2019-03-28,14.6,,4.3,1.9,9.6,74,12,
188,己魂,2019-03-29,13.8,,3.5,1.6,8,69,10.8,
188,己魂,2019-03-30,11,,10.7,4.9,2.5,57,7.5,
188,己魂,2019-03-31,7.5,,8.2,4.5,-6,38,3.9,
188,己魂,2019-04-01,9.1,,6.2,3.4,-3.2,43,4.9,
188,己魂,2019-04-02,10.3,,6.6,3.3,-2.6,45,5.3,
188,己魂,2019-04-03,9.5,,6.5,3.2,-6.4,35,3.9,
188,己魂,2019-04-04,10.5,,5.5,2.7,-3.7,39,5.1,
188,己魂,2019-04-05,12.9,,6.6,2.2,5.8,63,9.5,
188,己魂,2019-04-06,13.5,,5.4,2.5,7.2,67,10.5,
188,己魂,2019-04-07,15.3,0.9,6.9,3.3,11.5,79,13.6,
188,己魂,2019-04-08,14.4,,4.6,2.2,9.5,73.8,12.1,
188,己魂,2019-04-09,14.7,56.3,8.8,5.5,10.2,76,12.6,
188,己魂,2019-04-10,10.1,7.5,7.7,4.2,7.4,83,10.4,
188,己魂,2019-04-11,11,,4.4,2.4,6.6,74,9.7,
188,己魂,2019-04-12,12.5,,5.1,2.3,1.2,52,6.9,
188,己魂,2019-04-13,12.5,,3.4,2,4.3,59,8.4,
188,己魂,2019-04-14,13.4,,6.9,2.6,6.7,65,9.9,
188,己魂,2019-04-15,12.9,,5.8,2.8,-1.9,39,5.5,
188,己魂,2019-04-16,14.8,1.9,5.4,2,8.4,68,11.6,
188,己魂,2019-04-17,14,0.1,5.5,1.9,9.9,77,12.2,
188,己魂,2019-04-18,14.9,,6.7,3.2,10.7,77,13,
188,己魂,2019-04-19,16.2,,5.3,3.4,12.1,77,14.1,
188,己魂,2019-04-20,15.8,,4.5,2.5,11.1,75,13.2,
188,己魂,2019-04-21,17.5,,4,1.8,10.8,66,12.9,
188,己魂,2019-04-22,18.5,,4.3,1.9,13.7,75,15.8,
188,己魂,2019-04-23,17.3,25.9,10.4,3.7,15.5,90,17.6,
188,己魂,2019-04-24,17.5,0.4,4.3,1.5,15.7,90,17.9,
188,己魂,2019-04-25,16.4,,4.2,1.6,14.3,88,16.3,
188,己魂,2019-04-26,12,,9.4,4.6,7.2,73,10.2,
188,己魂,2019-04-27,13.7,,5.5,3.3,7.1,65,10.1,
188,己魂,2019-04-28,15.4,,5.5,3.2,8.4,64,11.2,
188,己魂,2019-04-29,15.8,39,6.7,2.8,14.9,95,17,
188,己魂,2019-04-30,14.9,0.5,4.3,2.5,13.1,89,15.1,
188,己魂,2019-05-01,15.6,,9.1,4.3,8,63,10.9,
188,己魂,2019-05-02,18.3,,8.4,4.7,-1.1,28,5.7,
188,己魂,2019-05-03,19,,6.8,3.2,2.3,36,7.4,
188,己魂,2019-05-04,17.8,,4.7,1.8,7.1,53,10.5,
188,己魂,2019-05-05,18.4,,4.9,2.2,9.2,58,12.3,
188,己魂,2019-05-06,16.1,,9.1,4.5,3.3,45,8,
188,己魂,2019-05-07,15,,5.1,2.8,3,48,7.8,
188,己魂,2019-05-08,15.8,,4.6,1.9,1.5,42,7.3,
188,己魂,2019-05-09,17.8,,5.3,2.1,-0.5,31,5.9,
188,己魂,2019-05-10,16.9,,4.3,1.8,4.7,46,8.8,
188,己魂,2019-05-11,17.1,,5.1,2,7.8,56,10.9,
188,己魂,2019-05-12,18.4,,4.4,1.9,8.6,58,11.9,
188,己魂,2019-05-13,19,0.2,4.9,1.7,16.6,86,18.9,
188,己魂,2019-05-14,19.8,3.1,5.3,2.3,16.1,80,18.3,
188,己魂,2019-05-15,20.5,,4.2,1.9,14.8,72,16.8,
188,己魂,2019-05-16,20.3,,3.1,1.7,16.3,79,18.6,
188,己魂,2019-05-17,19.4,28.6,6.9,2.8,16.7,85,19,
188,己魂,2019-05-18,19.5,109.4,10.7,6.3,18.3,93,21,
188,己魂,2019-05-19,19.3,8.5,5.6,3.4,18.4,94,21.2,
188,己魂,2019-05-20,16.6,,9.1,4.2,9.7,66,12.6,
188,己魂,2019-05-21,18.8,,9,4.1,1.9,34,7.1,
188,己魂,2019-05-22,19.6,,4.8,2.1,9.1,53,12,
188,己魂,2019-05-23,20.7,,6.5,2.7,13.5,66,15.9,
188,己魂,2019-05-24,21.5,,2.3,,13.8,64,15.9,
188,己魂,2019-05-25,21.1,,5.2,,14.8,70,17.1,
188,己魂,2019-05-26,20.1,0.1,6.6,3.2,17.4,85,19.9,
188,己魂,2019-05-27,19.3,97.2,9.9,5.5,17.8,91,20.6,
188,己魂,2019-05-28,18.6,,8.7,4.9,7.9,51,10.7,
188,己魂,2019-05-29,21.4,,5.7,2.9,7.1,43,10.8,
188,己魂,2019-05-30,20.9,,4.5,1.6,12.7,61,15.2,
188,己魂,2019-05-31,16.8,0.2,4.8,2.5,12.7,77,14.7,
188,己魂,2019-06-01,18.4,,4.4,2,13.6,75,15.6,
188,己魂,2019-06-02,19.5,,4.6,1.6,11.9,63,13.9,
188,己魂,2019-06-03,20.2,,3.8,1.8,13,65,15,
188,己魂,2019-06-04,20.9,,3.8,1.8,17.8,83,20.5,
188,己魂,2019-06-05,22.8,,4.6,1.5,18.5,78,21.3,
188,己魂,2019-06-06,22,43.8,7.5,3.4,19.8,88,23.1,
188,己魂,2019-06-07,20,0.1,13.1,7.1,16.8,82,19.2,
188,己魂,2019-06-08,18.8,0.9,5.5,1.7,17.1,90,19.5,
188,己魂,2019-06-09,19.2,,5.3,2.5,15.5,81,17.6,
188,己魂,2019-06-10,19.3,,5.3,2.5,15.5,79,17.6,
188,己魂,2019-06-11,19.3,,4.8,2.5,14.7,76,16.7,
188,己魂,2019-06-12,19.1,,5.1,2.2,14.8,77,16.9,
188,己魂,2019-06-13,19.9,,5,2.4,16.5,82,18.8,
188,己魂,2019-06-14,19.3,17.8,6.4,2.8,17.9,92,20.6,
188,己魂,2019-06-15,20.3,0.3,8.2,5.2,15.2,73,17.3,
188,己魂,2019-06-16,20.6,,6.8,4.4,13.1,63,15.1,
188,己魂,2019-06-17,20.8,,5.1,2.5,17,80,19.5,
188,己魂,2019-06-18,20.5,1.1,4.5,2,17.4,83,19.9,
188,己魂,2019-06-19,21.7,,4.3,2.1,16.8,75,19.2,
188,己魂,2019-06-20,22.3,,4.8,1.7,17.2,74,19.6,
188,己魂,2019-06-21,22.5,,3.3,1.4,17.6,75,20.2,
188,己魂,2019-06-22,21.2,,4.4,2.3,18,83,20.6,
188,己魂,2019-06-23,20.2,,4.6,2.4,16.2,79,18.5,
188,己魂,2019-06-24,20.6,,4.7,1.9,16.3,77,18.5,
188,己魂,2019-06-25,21.9,1.4,5,2.7,18,80,20.6,
188,己魂,2019-06-26,22.1,94.8,7.6,4.8,21.3,96,25.4,
188,己魂,2019-06-27,22.8,2,5,2,21,90,24.9,
188,己魂,2019-06-28,22.9,,4.7,1.9,19.7,83,22.9,
188,己魂,2019-06-29,23.5,8,10,3.8,22.2,93,26.8,
188,己魂,2019-06-30,22.9,,7.8,2.7,20.4,86,24,
188,己魂,2019-07-01,22,1.5,4.8,1.7,20.2,90,23.6,
188,己魂,2019-07-02,21.6,,4.3,1.6,19.3,87,22.4,
188,己魂,2019-07-03,21.8,,3.1,1.4,19,85,22,
188,己魂,2019-07-04,23,,3.8,1.4,17.7,74,20.3,
188,己魂,2019-07-05,23.3,,3.5,1.6,17.6,72,20.1,
188,己魂,2019-07-06,22.8,,5,3,19.7,83,23,
188,己魂,2019-07-07,22.7,1.2,7.5,4.4,18.7,79,21.6,
188,己魂,2019-07-08,21.2,37.1,7.1,4,19,88,22,
188,己魂,2019-07-09,21.5,6.6,5.1,3.7,19.1,87,22.1,
188,己魂,2019-07-10,22.1,37.6,8.3,4.9,20.6,92,24.4,
188,己魂,2019-07-11,23.5,,8,3.5,19.4,79,22.6,
188,己魂,2019-07-12,22.6,0.8,3.9,2,19.3,83,22.5,
188,己魂,2019-07-13,20.7,28.5,5.2,2.3,19.2,91,22.2,
188,己魂,2019-07-14,24.3,,4.5,2.2,19.9,78,23.2,
188,己魂,2019-07-15,23.1,,4,1.7,20.2,84,23.7,
188,己魂,2019-07-16,23.6,,5,2.1,20.5,83,24.1,
188,己魂,2019-07-17,24.1,7.1,4.6,2.6,21.8,88,26.2,
188,己魂,2019-07-18,23.6,86.7,7.6,3.9,22.6,95,27.4,
188,己魂,2019-07-19,24,262.7,12.5,4.4,23.2,96,28.5,
188,己魂,2019-07-20,23.2,45.4,12.1,8.1,22.2,95,26.8,
188,己魂,2019-07-21,25.1,0.7,6.8,3.8,22.7,87,27.5,
188,己魂,2019-07-22,25.8,0.6,5.6,3.1,23.9,90,29.7,
188,己魂,2019-07-23,25.7,,6.3,4.1,24,91,29.9,
188,己魂,2019-07-24,25.6,,6.8,5,24.4,93,30.5,
188,己魂,2019-07-25,25.9,,6.5,4.8,24.5,93,30.8,
188,己魂,2019-07-26,26.6,,6.5,4.7,25,92,31.8,
188,己魂,2019-07-27,26.9,,7,4.8,25.3,92,32.3,
188,己魂,2019-07-28,27,,7.1,5,25.1,90,31.9,
188,己魂,2019-07-29,27.6,,6.7,3.9,24.9,86,31.5,
188,己魂,2019-07-30,27.5,,6.3,4.5,25.7,90,33,
188,己魂,2019-07-31,28,,6.1,4.2,25.4,86,32.5,
188,己魂,2019-08-01,27.9,,5.3,2.3,24.8,84,31.3,
188,己魂,2019-08-02,27.9,,4.3,1.8,23.2,76,28.4,
188,己魂,2019-08-03,27.3,,3.4,1.6,24.4,85,30.6,
188,己魂,2019-08-04,27.6,,4.7,2,24.7,85,31.2,
188,己魂,2019-08-05,27.6,,4.7,2.8,24,81,29.8,
188,己魂,2019-08-06,28.6,,6.1,3.2,22.9,73,27.9,
188,己魂,2019-08-07,28.4,0.4,3.6,2,25,83,31.7,
188,己魂,2019-08-08,28.8,6.8,3.6,1.9,25.2,82,32,
188,己魂,2019-08-09,28.9,,5.5,2.7,25.1,81,31.9,
188,己魂,2019-08-10,29.1,,7.1,5.2,24.4,76,30.6,
188,己魂,2019-08-11,27.9,3.1,10.9,8,25.3,86,32.3,
188,己魂,2019-08-12,27.8,,7.4,4.1,25.5,88,32.6,
188,己魂,2019-08-13,28.8,,4.4,2.5,24.4,78,30.5,
188,己魂,2019-08-14,29.2,,6.8,3.3,23.9,74,29.6,
188,己魂,2019-08-15,27.6,,10.1,5.6,23.1,77,28.2,
188,己魂,2019-08-16,27.3,,7.4,3.1,21,70,24.9,
188,己魂,2019-08-17,26.3,,6.1,2.8,21.5,76,25.7,
188,己魂,2019-08-18,25.5,25.7,5.1,1.4,22.1,82,26.6,
188,己魂,2019-08-19,25.9,,3.4,1.9,20.9,75,24.8,
188,己魂,2019-08-20,27.2,,4.7,2.5,24.1,84,30.1,
188,己魂,2019-08-21,27,30.9,6.6,2.7,25.2,90,32,
188,己魂,2019-08-22,26.9,19.1,7.9,3.3,24.5,87,30.8,
188,己魂,2019-08-23,26.1,,3.5,1.6,20.5,73,24.3,
188,己魂,2019-08-24,25,,3.9,1.7,18,65,20.8,
188,己魂,2019-08-25,24.1,0.2,3.9,1.2,18.8,73,21.8,
188,己魂,2019-08-26,24.1,9.5,7,2.8,22.5,91,27.3,
188,己魂,2019-08-27,25.7,135.7,6.3,3.2,24.7,94,31.2,
188,己魂,2019-08-28,24,90.2,5.2,1.4,22.6,92,27.4,
188,己魂,2019-08-29,21.9,55.8,3.5,1.3,20.7,93,24.5,
188,己魂,2019-08-30,23.8,,4.6,2.2,17.7,71,20.3,
188,己魂,2019-08-31,23.5,,4.9,2.1,17.8,72,20.4,
188,己魂,2019-09-01,22.8,25.5,4.9,2,20,85,23.4,
188,己魂,2019-09-02,25,23.1,8.9,3,23.5,92,29,
188,己魂,2019-09-03,24.9,34.4,4.1,1.6,23.5,93,28.9,
188,己魂,2019-09-04,24.7,15.5,5.2,2.1,22.7,89,27.6,
188,己魂,2019-09-05,25.5,41.9,7.1,1.6,23.6,90,29.2,
188,己魂,2019-09-06,26.6,43.7,15.3,6.3,24.4,88,30.6,
188,己魂,2019-09-07,25.9,2.7,17.7,7.9,23.4,86.3,28.7,
188,己魂,2019-09-08,23.5,30.3,3.7,1.7,22.5,95,27.3,
188,己魂,2019-09-09,26.2,3.5,6.5,4.1,24.5,91,30.8,
188,己魂,2019-09-10,26.4,,5.3,3.1,23.7,86,29.4,
188,己魂,2019-09-11,26.3,,3.9,1.9,23.7,87,29.4,
188,己魂,2019-09-12,24.4,,6.9,5,21.2,83,25.3,
188,己魂,2019-09-13,24,,6,4.4,19.1,74,22.1,
188,己魂,2019-09-14,24.1,,5,2.7,18.9,74,21.8,
188,己魂,2019-09-15,24.9,,5.1,2.6,20.6,78,24.3,
188,己魂,2019-09-16,24.7,,5.2,3.1,20.1,77,23.6,
188,己魂,2019-09-17,23.5,,6.4,4.1,17,68,19.4,
188,己魂,2019-09-18,23,,7.4,3.6,16,66,18.2,
188,己魂,2019-09-19,23,,6.9,4.5,15.6,64,17.9,
188,己魂,2019-09-20,23.1,1.2,8,5.2,16.1,65,18.3,
188,己魂,2019-09-21,21.2,151.5,9.7,7.1,18.9,88,21.9,
188,己魂,2019-09-22,20.5,152,17.6,9.5,18.5,89,21.4,
188,己魂,2019-09-23,20,,5.2,2.8,15.8,77,18,
188,己魂,2019-09-24,19.6,,4.7,,13.4,69,15.4,
188,己魂,2019-09-25,21.4,,4.6,,16,72,18.2,
188,己魂,2019-09-26,24.3,,6.3,4.2,20.4,80,24.1,
188,己魂,2019-09-27,23.8,73,5.9,3.1,22.3,91,26.9,
188,己魂,2019-09-28,25.2,8.6,3.8,1.7,23.5,91,28.9,
188,己魂,2019-09-29,24.4,2.5,3.5,1.6,22.6,91,27.4,
188,己魂,2019-09-30,24.1,3.9,3.3,1.4,21.8,88,26.2,
188,己魂,2019-10-01,23.7,28.4,7.1,3.1,21.5,88,25.8,
188,己魂,2019-10-02,24.8,142.9,15.2,8.6,22.8,89,27.7,
188,己魂,2019-10-03,23.3,,7.6,4.6,19,77,22,
188,己魂,2019-10-04,22.6,,4.7,1.9,18.8,80,21.7,
188,己魂,2019-10-05,20.3,,6.3,3.9,15.9,76,18.1,
188,己魂,2019-10-06,21.2,0.1,6.9,4.3,15.8,72,18,
188,己魂,2019-10-07,21.7,1.2,5.5,3.4,16.9,75,19.4,
188,己魂,2019-10-08,19,,6.3,2.9,11.8,64,14,
188,己魂,2019-10-09,16.4,,5.3,2.8,6.5,54,9.7,
188,己魂,2019-10-10,17.9,,3.7,2.2,9.8,60,12.5,
188,己魂,2019-10-11,20.8,,5.1,2.9,12.7,62,14.8,
188,己魂,2019-10-12,21.1,,6.3,3.8,13.1,61,15.1,
188,己魂,2019-10-13,19.8,,6.4,4.4,12,61,14,
188,己魂,2019-10-14,18.5,,6.6,3.6,11.8,66,13.9,
188,己魂,2019-10-15,17.8,4.3,6.5,4.3,11.1,65,13.4,
188,己魂,2019-10-16,17.5,,5.6,3.4,9.4,60,11.8,
188,己魂,2019-10-17,19.1,,6.2,3.7,13.1,68,15.1,
188,己魂,2019-10-18,18.8,18.8,5.8,3.7,16.8,89,19.1,
188,己魂,2019-10-19,18.9,,5,2.3,14.3,75,16.3,
188,己魂,2019-10-20,18.7,,5.2,2.5,13.9,75,16,
188,己魂,2019-10-21,19.7,,6.1,4.1,12.6,64,14.6,
188,己魂,2019-10-22,19.6,0.8,6,3.3,14.6,73,16.7,
188,己魂,2019-10-23,20.7,,8.3,4.7,15.9,74,18.1,
188,己魂,2019-10-24,19.3,37.4,7.1,4.5,14.5,75,16.5,
188,己魂,2019-10-25,19.4,,6.2,3.3,13.1,68,15.1,
188,己魂,2019-10-26,15.6,,8.5,4.4,8.6,64,11.3,
188,己魂,2019-10-27,14.2,,5.7,2.7,7.1,63,10.1,
188,己魂,2019-10-28,15.1,,3.8,2.1,9.1,68,11.6,
188,己魂,2019-10-29,15.5,,5.9,2.4,8.7,65,11.4,
188,己魂,2019-10-30,14.8,,5.5,3.1,8,65,10.7,
188,己魂,2019-10-31,15.8,,4.4,2.6,8.6,65,11.2,
188,己魂,2019-11-01,17,,4.5,2.3,11.1,70,13.4,
188,己魂,2019-11-02,18.7,,3.7,2.1,13.5,73,15.5,
188,己魂,2019-11-03,17.2,,3.4,1.8,12.5,74,14.5,
188,己魂,2019-11-04,16.6,2.8,5,2.8,12,75,14,
188,己魂,2019-11-05,15.6,0.2,4.7,2.7,10.8,74,13,
188,己魂,2019-11-06,15,,5.1,2.8,8.8,67,11.3,
188,己魂,2019-11-07,14.6,,6.2,3.3,8.1,66,10.8,
188,己魂,2019-11-08,12.2,,7.3,3.3,5,62,8.8,
188,己魂,2019-11-09,12.8,,5.3,2.8,3.6,56,8,
188,己魂,2019-11-10,15.6,3.1,6.8,3.3,8.9,66,11.4,
188,己魂,2019-11-11,15.4,,7.7,3.2,8,62,10.8,
188,己魂,2019-11-12,12.8,,5.4,2,6.7,68,9.8,
188,己魂,2019-11-13,14.5,0.3,6.7,2.4,9,70,11.5,
188,己魂,2019-11-14,9.2,,5.7,3.5,1,57,6.6,
188,己魂,2019-11-15,11.4,,4.6,2.8,1.7,53,7.1,
188,己魂,2019-11-16,15.6,,4.7,2,9.7,69,12.2,
188,己魂,2019-11-17,21.4,0.9,8.1,5.5,15.6,70,17.9,
188,己魂,2019-11-18,13.2,7.6,9.3,4.2,7.5,69,10.8,
188,己魂,2019-11-19,9.6,,6.2,3.3,0.7,54,6.4,
188,己魂,2019-11-20,8.8,,6.1,2.9,0.3,56,6.3,
188,己魂,2019-11-21,14,,5.3,3.3,6.4,61,9.8,
188,己魂,2019-11-22,18.1,,5.1,3.3,11.6,66,13.7,
188,己魂,2019-11-23,17.9,,4.9,2.8,13.3,75,15.4,
188,己魂,2019-11-24,17.2,12.4,7,2.9,15.2,89,17.5,
188,己魂,2019-11-25,9.2,,6.2,4.2,3,66,7.6,
188,己魂,2019-11-26,14,8.3,6.1,3.8,9.1,73,11.6,
188,己魂,2019-11-27,10.4,0.3,4.6,2.6,6.1,75,9.5,
188,己魂,2019-11-28,9.7,,5.5,3.1,3.7,66,8,
188,己魂,2019-11-29,8.4,,6.7,2.9,0,57,6.2,
188,己魂,2019-11-30,12.2,0.3,4.5,2.6,4.9,62,8.8,
188,己魂,2019-12-01,12.1,25.7,9.8,2.3,9.9,87,12.4,
188,己魂,2019-12-02,9,0.1,7.6,3.9,1.9,62,7.1,
188,己魂,2019-12-03,7.6,,5,1.9,0.2,60,6.2,
188,己魂,2019-12-04,8.6,,4,1.9,1.5,62,6.8,
188,己魂,2019-12-05,6.8,,6,2.6,-0.8,59,5.8,
188,己魂,2019-12-06,3.2,,5.9,3.6,-5.8,52,4,
188,己魂,2019-12-07,5.7,,5.8,2.9,-2.5,56,5.1,
188,己魂,2019-12-08,7.7,,5,2.8,0.3,60,6.3,
188,己魂,2019-12-09,9.5,,4.9,2.3,2.9,64,7.6,
188,己魂,2019-12-10,13.4,,5.3,2.8,5.5,60,9.1,
188,己魂,2019-12-11,12.3,,7.3,2.8,5.2,63,8.9,
188,己魂,2019-12-12,6.9,,5.8,3,-1.5,56,5.5,
188,己魂,2019-12-13,8.5,,2.9,1.7,2.8,68,7.6,
188,己魂,2019-12-14,8.4,,4.4,2.4,2.4,68,7.4,
188,己魂,2019-12-15,12.9,,5.5,3.4,6.2,65,9.6,
188,己魂,2019-12-16,15,0.1,5.1,2.9,8.1,64,10.9,
188,己魂,2019-12-17,13.9,16,7.6,3.2,11.2,84,13.5,
188,己魂,2019-12-18,8.3,,8.7,5.5,1.9,65,7,
188,己魂,2019-12-19,7.1,,8.1,4.5,0,61,6.2,
188,己魂,2019-12-20,6.8,,4.8,2.3,0,62,6.1,
188,己魂,2019-12-21,8.3,,4.6,2.4,1,61,6.6,
188,己魂,2019-12-22,8.8,13.6,6.3,3.4,4.4,74,8.4,
188,己魂,2019-12-23,8.4,,5.6,3,2.7,68,7.5,
188,己魂,2019-12-24,8.1,,5.9,2.5,2.4,68,7.3,
188,己魂,2019-12-25,11.1,0.9,3.8,2.1,7.9,81,10.7,
188,己魂,2019-12-26,9.4,13.6,8.1,3.3,5.7,79,9.5,
188,己魂,2019-12-27,5.5,0.2,5,2.7,-2.8,56,5,
188,己魂,2019-12-28,5.5,,3.4,1.7,-0.4,67,6,
188,己魂,2019-12-29,12.5,33.1,6.5,3.6,8.6,78,11.5,
188,己魂,2019-12-30,10.8,,5.8,2.9,6.3,74,9.8,
188,己魂,2019-12-31,1.9,0.4,5.4,3.8,-5.5,58,4.1,
189,辑蓖器,2019-01-01,5.1,,4.1,1.7,-1.7,62.1,5.5,
189,辑蓖器,2019-01-02,5.2,,2.1,0.9,-1.2,64,5.6,
189,辑蓖器,2019-01-03,7.1,,2.5,1.3,2.2,72,7.2,
189,辑蓖器,2019-01-04,9.3,3.2,1.8,0.9,7.1,87,10.2,
189,辑蓖器,2019-01-05,9.7,0.8,2.5,1.1,6.1,80,9.5,
189,辑蓖器,2019-01-06,9.5,,2.9,1.2,4.1,70,8.2,
189,辑蓖器,2019-01-07,10,,3.7,1.4,4.7,70,8.6,
189,辑蓖器,2019-01-08,8.7,,3.8,1.4,2.1,64,7.3,
189,辑蓖器,2019-01-09,5.6,,3.7,1.5,-1.8,59,5.4,
189,辑蓖器,2019-01-10,8.8,,3.1,1.1,2.9,67,7.5,
189,辑蓖器,2019-01-11,9.2,0.9,2.8,1.3,5.4,78,9,
189,辑蓖器,2019-01-12,10.3,0.9,2.9,1.1,5.4,73,9.1,
189,辑蓖器,2019-01-13,8.2,,2.5,1.3,2.3,67,7.2,
189,辑蓖器,2019-01-14,8.7,,3.5,1.5,2.7,67,7.5,
189,辑蓖器,2019-01-15,8.4,,3.3,1.4,-0.2,55,6.1,
189,辑蓖器,2019-01-16,4.8,,2.6,1.1,-1.3,65,5.6,
189,辑蓖器,2019-01-17,5,,4.6,1.5,-1.9,62,5.3,
189,辑蓖器,2019-01-18,7,,3,1.6,1.9,71,7,
189,辑蓖器,2019-01-19,10.4,0.8,4.2,1.7,7.2,82,10.3,
189,辑蓖器,2019-01-20,8.9,,4.9,2.3,0.9,58,6.8,
189,辑蓖器,2019-01-21,5.9,,5.3,1.8,-1,62,5.7,
189,辑蓖器,2019-01-22,7.3,,3.6,1.6,-0.6,59,5.9,
189,辑蓖器,2019-01-23,8.6,,2.8,1.2,-0.4,55,6,
189,辑蓖器,2019-01-24,8.9,,3.8,1.8,2.2,64,7.2,
189,辑蓖器,2019-01-25,7.6,,4,2,-0.5,59,6,
189,辑蓖器,2019-01-26,4.5,,3.7,1.8,-10.1,34,2.9,
189,辑蓖器,2019-01-27,6.6,,3.3,1.6,-2.1,55,5.3,
189,辑蓖器,2019-01-28,8.1,,5,2.2,0.4,59,6.3,
189,辑蓖器,2019-01-29,7.1,,2.4,1.3,1.4,68,6.8,
189,辑蓖器,2019-01-30,9.4,0.2,2.4,1.1,4.7,73,8.6,
189,辑蓖器,2019-01-31,6.7,14.9,3.6,1.3,4.8,89,8.7,
189,辑蓖器,2019-02-01,5,,5,1.7,-2.1,61,5.3,
189,辑蓖器,2019-02-02,9.3,,3.6,1.5,3.9,70,8.4,
189,辑蓖器,2019-02-03,13.5,15.1,8.5,3.5,11.8,90,14.2,
189,辑蓖器,2019-02-04,9,,4.6,1.9,-0.6,52,5.9,
189,辑蓖器,2019-02-05,9.7,,2.8,1.5,2.2,60,7.2,
189,辑蓖器,2019-02-06,12.5,,3.7,1.3,7.6,72,10.5,
189,辑蓖器,2019-02-07,11.5,1.4,3.6,1.2,8.2,81,11.1,
189,辑蓖器,2019-02-08,8,,3.6,1.7,2.2,68,7.2,
189,辑蓖器,2019-02-09,5.4,0.1,3.6,1.3,-0.5,67,6,
189,辑蓖器,2019-02-10,5.7,,2.6,1,0.3,69,6.3,
189,辑蓖器,2019-02-11,5.2,,3.9,1.6,-0.6,66,5.9,
189,辑蓖器,2019-02-12,7,,3.2,1.5,-5.6,41,4.1,
189,辑蓖器,2019-02-13,8.7,,3.5,1.4,0,55,6.1,
189,辑蓖器,2019-02-14,7.7,,2.2,1.1,-0.7,56,5.8,
189,辑蓖器,2019-02-15,8.6,0.8,2.9,1.2,4.5,76,8.5,
189,辑蓖器,2019-02-16,7,,3.5,1.5,1.6,69,6.9,
189,辑蓖器,2019-02-17,7.2,,4.2,1.8,2,71,7.1,
189,辑蓖器,2019-02-18,8.7,3.4,3,1.6,5.6,82,9.1,
189,辑蓖器,2019-02-19,12.9,14.4,5.6,2.5,10.1,85,12.7,
189,辑蓖器,2019-02-20,9.7,,3.6,1.2,4.2,70,8.3,
189,辑蓖器,2019-02-21,9.9,,3.7,1.5,3.8,67,8.1,
189,辑蓖器,2019-02-22,9.7,1.6,2.9,1.4,5,74,8.8,
189,辑蓖器,2019-02-23,10.6,,3.8,1.9,4.1,66,8.2,
189,辑蓖器,2019-02-24,11.1,,4.2,2.1,3.8,61,8,
189,辑蓖器,2019-02-25,11.2,,3.8,1.6,2.8,58,7.5,
189,辑蓖器,2019-02-26,12.1,,3.5,1.8,-1.1,41,5.8,
189,辑蓖器,2019-02-27,11.4,0.9,4,2.3,7.6,78,10.5,
189,辑蓖器,2019-02-28,11.6,,3.7,1.3,8.3,81,11,
189,辑蓖器,2019-03-01,11.4,,4,1.6,3.1,59,7.7,
189,辑蓖器,2019-03-02,11.3,2,2.8,1.7,5.6,70,9.3,
189,辑蓖器,2019-03-03,11.7,2.9,4.2,2.6,8.5,81,11.1,
189,辑蓖器,2019-03-04,11.3,0.8,3.2,1.4,4.1,66,8.5,
189,辑蓖器,2019-03-05,12,,3.2,1.2,3.3,56,7.8,
189,辑蓖器,2019-03-06,11,5.6,4.6,2.3,5.8,72,9.4,
189,辑蓖器,2019-03-07,9.8,,4,1.7,-1.8,45,5.4,
189,辑蓖器,2019-03-08,9.9,,2.9,1.5,1.1,55,6.7,
189,辑蓖器,2019-03-09,11.8,18.4,3.8,2,8.7,82,11.5,
189,辑蓖器,2019-03-10,12.1,12.8,5.5,2.6,11.1,94,13.2,
189,辑蓖器,2019-03-11,10.6,0.2,5.5,2.5,4,65,8.3,
189,辑蓖器,2019-03-12,10.5,,5.4,2.5,3.7,64,8.2,
189,辑蓖器,2019-03-13,8.3,,4.4,2.2,-4.1,43,4.6,
189,辑蓖器,2019-03-14,8.8,,3.3,1.2,-2.2,48,5.3,
189,辑蓖器,2019-03-15,10.2,,5.5,2.8,2.9,63,8,
189,辑蓖器,2019-03-16,9.4,,4.6,2.3,2.4,62,7.4,
189,辑蓖器,2019-03-17,13.3,,4.8,1.9,3.4,54,8,
189,辑蓖器,2019-03-18,11.3,8.7,3.2,1.2,6.9,76,10,
189,辑蓖器,2019-03-19,13.3,,2.9,1.1,6,64,9.4,
189,辑蓖器,2019-03-20,15,13.2,8.5,2.1,12.4,85,14.8,
189,辑蓖器,2019-03-21,14.9,0.2,4.3,1.9,12.3,85,14.5,
189,辑蓖器,2019-03-22,12,,4,1.7,3.4,57,7.9,
189,辑蓖器,2019-03-23,10,,4.6,2.2,-2.3,44,5.3,
189,辑蓖器,2019-03-24,8,,4.7,1.4,-0.6,56,5.9,
189,辑蓖器,2019-03-25,9.5,,2.9,1.2,1.8,59,7.1,
189,辑蓖器,2019-03-26,14.9,,4.8,2.1,5.2,53,9.1,
189,辑蓖器,2019-03-27,15.2,,4.6,2.4,9.5,70,12,
189,辑蓖器,2019-03-28,15.7,,2.8,1.2,12.4,81,14.4,
189,辑蓖器,2019-03-29,16.4,,4,1.5,9.2,64,11.8,
189,辑蓖器,2019-03-30,13.7,,4.6,2,2,48,7.5,
189,辑蓖器,2019-03-31,7.8,,4,1.9,-5.4,39,4.1,
189,辑蓖器,2019-04-01,9.9,,3.8,1.9,-1.4,48,5.7,
189,辑蓖器,2019-04-02,12.6,,4,1.5,0.3,46,6.4,
189,辑蓖器,2019-04-03,11.5,,3.4,1.4,-2.2,39,5.3,
189,辑蓖器,2019-04-04,11.4,,3.7,2,0.5,48,6.5,
189,辑蓖器,2019-04-05,15,,4.8,1.7,9.1,70,11.7,
189,辑蓖器,2019-04-06,13.8,,3.6,1.6,10.8,83,13.2,
189,辑蓖器,2019-04-07,15.6,0.5,4.5,2.1,13.8,90,15.9,
189,辑蓖器,2019-04-08,15.3,,3,1.1,13.7,90.9,15.7,
189,辑蓖器,2019-04-09,15,39.4,5.6,3,12.3,86,14.6,
189,辑蓖器,2019-04-10,12.5,0.6,5.7,1.8,10.9,91,13.1,
189,辑蓖器,2019-04-11,12.4,,3.9,1.6,8.2,76,10.9,
189,辑蓖器,2019-04-12,13.6,,5.3,2,6.2,63,9.6,
189,辑蓖器,2019-04-13,14,,2.5,1.3,5.5,57,9.1,
189,辑蓖器,2019-04-14,16.1,,5.1,1.7,7.5,59,10.7,
189,辑蓖器,2019-04-15,14.7,,4.1,1.7,4.7,52,8.6,
189,辑蓖器,2019-04-16,16.5,,2.7,1.4,8.6,65,12.1,
189,辑蓖器,2019-04-17,15.4,0.1,2.2,1.2,12,81,14.1,
189,辑蓖器,2019-04-18,15.8,,5,1.8,13.9,90,16,
189,辑蓖器,2019-04-19,16.2,,3.1,1.5,14.5,90,16.6,
189,辑蓖器,2019-04-20,16.3,,3,1.5,14.2,88,16.2,
189,辑蓖器,2019-04-21,17.9,,2.3,1,13.6,76,15.7,
189,辑蓖器,2019-04-22,19.7,,3.3,1.5,15.1,75,17.2,
189,辑蓖器,2019-04-23,17.4,38.6,4.4,2.5,17,97,19.3,
189,辑蓖器,2019-04-24,17.6,0.2,4.8,2,17.2,98,19.6,
189,辑蓖器,2019-04-25,17.2,,2.8,1,16.8,98,19.1,
189,辑蓖器,2019-04-26,13.9,,3.4,1.4,10.2,79,12.6,
189,辑蓖器,2019-04-27,13.8,,4.9,2,8,68,10.7,
189,辑蓖器,2019-04-28,15.1,,3.7,2.2,9.8,72,12.3,
189,辑蓖器,2019-04-29,16.8,9.7,3.5,2,16.6,99,19,
189,辑蓖器,2019-04-30,16.8,0.1,3.5,1.3,16.3,98,18.6,
189,辑蓖器,2019-05-01,18,,3.6,1.4,11.7,71,14.3,
189,辑蓖器,2019-05-02,19.8,,3.1,1.4,5.5,41,9.2,
189,辑蓖器,2019-05-03,20.3,,2.6,1.1,7.8,46,11,
189,辑蓖器,2019-05-04,19.6,,2.3,1,7.4,46,10.6,
189,辑蓖器,2019-05-05,19.6,,3,1.2,8.5,50,11.6,
189,辑蓖器,2019-05-06,18.1,,3.8,1.4,9,56,11.7,
189,辑蓖器,2019-05-07,15.9,,5.3,2,7,56,10.1,
189,辑蓖器,2019-05-08,16.4,,2.5,1.2,6.7,54,10.1,
189,辑蓖器,2019-05-09,17.8,,2.5,1.2,5.4,45,9,
189,辑蓖器,2019-05-10,18.9,,3.1,1.4,6.4,45,10,
189,辑蓖器,2019-05-11,19.6,,2.9,1.3,8.9,51,11.9,
189,辑蓖器,2019-05-12,19.1,,2.3,1.3,12.4,67,15.1,
189,辑蓖器,2019-05-13,19.9,0.3,3.2,1.4,18.6,93,21.5,
189,辑蓖器,2019-05-14,20.7,3.1,2.2,1.3,18.3,87,21.2,
189,辑蓖器,2019-05-15,22.6,,3,1.4,13.4,58,15.4,
189,辑蓖器,2019-05-16,22.2,,3,1.6,18.2,79,20.9,
189,辑蓖器,2019-05-17,20.6,54.4,4.6,2.8,18.4,88,21.1,
189,辑蓖器,2019-05-18,19.8,197.3,4.3,2.7,19.6,99,22.8,
189,辑蓖器,2019-05-19,19.3,4.8,3.9,2.3,19.1,99,22.2,
189,辑蓖器,2019-05-20,18.3,,4.4,1.7,12.4,72,15.2,
189,辑蓖器,2019-05-21,19.8,,4.1,1.5,3.4,35,7.8,
189,辑蓖器,2019-05-22,20.5,,4.9,2,9.2,51,12.5,
189,辑蓖器,2019-05-23,21.1,,4.1,2.5,14.3,68,17.1,
189,辑蓖器,2019-05-24,23.1,,4,2.1,12.7,55,15.4,
189,辑蓖器,2019-05-25,22.1,,3.7,1.8,17.5,76,20.2,
189,辑蓖器,2019-05-26,21.6,0.2,2.7,0.9,18.6,84,21.7,
189,辑蓖器,2019-05-27,20,116.6,8.5,2.9,19.8,99,23.1,
189,辑蓖器,2019-05-28,20.6,,3.6,1.2,13.7,68,15.9,
189,辑蓖器,2019-05-29,22.7,,2.9,1.1,12.1,53,14.2,
189,辑蓖器,2019-05-30,21.8,,2.3,1,13.1,60,15.5,
189,辑蓖器,2019-05-31,18.5,,4.2,2,14.8,80,16.9,
189,辑蓖器,2019-06-01,19.6,,2.9,1.1,16.3,82,18.7,
189,辑蓖器,2019-06-02,20.7,,2.3,0.9,14.7,69,16.8,
189,辑蓖器,2019-06-03,21.1,,2,1.2,14.5,66,16.6,
189,辑蓖器,2019-06-04,22.9,,3.7,1.4,22.1,96,26.6,
189,辑蓖器,2019-06-05,23.1,,3,1.3,21.5,91,25.7,
189,辑蓖器,2019-06-06,22.4,34.8,6.8,2.2,22,98,26.4,
189,辑蓖器,2019-06-07,21,0.4,5.7,2.5,19.8,94,23.2,
189,辑蓖器,2019-06-08,19.9,0.6,4.3,1.7,19.7,99,22.9,
189,辑蓖器,2019-06-09,20,,3.5,1.6,18.2,90,21,
189,辑蓖器,2019-06-10,20,,3.9,2,17,84,19.5,
189,辑蓖器,2019-06-11,19.7,,3.4,1.4,18.1,91,20.8,
189,辑蓖器,2019-06-12,19.3,,2.9,1.1,18.1,93,20.9,
189,辑蓖器,2019-06-13,20.5,,4.6,1.8,17.9,86,20.8,
189,辑蓖器,2019-06-14,20.6,23.9,4.6,2.8,19.6,94,22.8,
189,辑蓖器,2019-06-15,22.9,,4.8,1.5,16.2,69,18.6,
189,辑蓖器,2019-06-16,21.8,,3,1,16,70,18.3,
189,辑蓖器,2019-06-17,21,,2.3,1.2,19.5,92,22.9,
189,辑蓖器,2019-06-18,20.9,1.9,2,0.9,20.2,96,23.6,
189,辑蓖器,2019-06-19,21.7,0.4,2.6,1.4,20.6,94,24.3,
189,辑蓖器,2019-06-20,22.8,,2.6,1.2,19.8,84,23.2,
189,辑蓖器,2019-06-21,22.9,,2.3,1.1,21.3,91,25.3,
189,辑蓖器,2019-06-22,22.4,,2.7,1.2,21.7,96,26,
189,辑蓖器,2019-06-23,21.9,,5.1,2.1,18.5,82,21.4,
189,辑蓖器,2019-06-24,21.5,,2.4,1.2,18.9,86,22,
189,辑蓖器,2019-06-25,23.9,,4.4,2.4,17.6,69,20.4,
189,辑蓖器,2019-06-26,22.3,116.8,6,2.4,22.1,99,26.6,
189,辑蓖器,2019-06-27,23.6,2.3,4.4,1.9,23.4,99,28.8,
189,辑蓖器,2019-06-28,23.3,,3,1.1,22.5,96,27.2,
189,辑蓖器,2019-06-29,23.8,8,4.6,1.9,23.6,99,29.1,
189,辑蓖器,2019-06-30,22.7,,3.7,1.4,22.5,99,27.2,
189,辑蓖器,2019-07-01,21.8,3.4,2.3,0.8,21.6,99,25.8,
189,辑蓖器,2019-07-02,21.6,,2.2,0.9,21.4,99,25.5,
189,辑蓖器,2019-07-03,22,0.1,2,0.7,21.8,99,26.2,
189,辑蓖器,2019-07-04,23.2,,2.6,1.2,21.7,92,26.2,
189,辑蓖器,2019-07-05,24.7,,2.6,1,20,76,23.5,
189,辑蓖器,2019-07-06,23.9,,4.9,2.6,20.9,85,25.2,
189,辑蓖器,2019-07-07,22.8,1.1,4.9,3.3,22,96,26.4,
189,辑蓖器,2019-07-08,21.9,2.7,4.7,3.1,21.6,98,25.8,
189,辑蓖器,2019-07-09,22.1,1.8,4.2,2.8,21.5,97,25.6,
189,辑蓖器,2019-07-10,22.4,36,6.1,3.1,22.2,99,26.8,
189,辑蓖器,2019-07-11,24.9,,4.1,1.3,22.8,89,27.7,
189,辑蓖器,2019-07-12,23,0.6,3,1,22.5,97,27.2,
189,辑蓖器,2019-07-13,21,57.9,4,1.6,20.8,99,24.6,
189,辑蓖器,2019-07-14,23.7,,3.1,1,23,96,28.2,
189,辑蓖器,2019-07-15,23.6,,2.5,1,23.3,99,28.6,
189,辑蓖器,2019-07-16,24.4,,3.3,1.6,23,93,28.3,
189,辑蓖器,2019-07-17,24.1,8,3.5,2.1,23.9,99,29.7,
189,辑蓖器,2019-07-18,24.4,128.2,4.1,2.1,24.2,99,30.3,
189,辑蓖器,2019-07-19,24.9,152.9,7.3,2.8,24.7,99,31.1,
189,辑蓖器,2019-07-20,22.9,47.5,10.3,6.7,22.7,99,27.6,
189,辑蓖器,2019-07-21,25.2,0.3,4.7,2.2,24.9,98,31.5,
189,辑蓖器,2019-07-22,25.4,3,3,1.4,25.2,99,32,
189,辑蓖器,2019-07-23,25.3,,2.2,1.4,25.1,99,31.9,
189,辑蓖器,2019-07-24,24.9,,2.5,1.6,24.7,99,31.2,
189,辑蓖器,2019-07-25,25,1.3,2,1.2,24.8,99,31.4,
189,辑蓖器,2019-07-26,25.8,7.3,2.5,1.4,25.6,99,32.7,
189,辑蓖器,2019-07-27,25.9,,2.7,1.6,25.7,99,33,
189,辑蓖器,2019-07-28,27,,3,1.6,26.8,99,35.4,
189,辑蓖器,2019-07-29,27.5,,2.8,1.5,27.3,99,36.4,
189,辑蓖器,2019-07-30,27.4,,3.2,2.1,27.2,99,36,
189,辑蓖器,2019-07-31,28,,3.3,1.7,27.8,99,37.4,
189,辑蓖器,2019-08-01,28.1,,2.2,1,27.8,98,37.3,
189,辑蓖器,2019-08-02,28.1,,2.3,1.1,26.5,92,34.8,
189,辑蓖器,2019-08-03,28.5,,3.1,1.7,26.7,91,35.2,
189,辑蓖器,2019-08-04,28.6,,2.9,1.5,27.3,93,36.4,
189,辑蓖器,2019-08-05,28.4,,2.6,1.5,25.4,84,32.7,
189,辑蓖器,2019-08-06,28.6,,4.7,2.1,26.3,88,34.2,
189,辑蓖器,2019-08-07,28.5,,2.4,1.3,27.8,96,37.4,
189,辑蓖器,2019-08-08,29.4,1.7,3.1,2,27.3,90,36.4,
189,辑蓖器,2019-08-09,29.3,,3.8,2.7,27.3,90,36.3,
189,辑蓖器,2019-08-10,28.5,,3.7,2.5,28,98,37.8,
189,辑蓖器,2019-08-11,27,27.6,6.4,3.4,26.8,99,35.3,
189,辑蓖器,2019-08-12,27.5,0.4,5.8,2.9,27.3,99,36.4,
189,辑蓖器,2019-08-13,28.8,,2.8,1.3,27.5,93,36.8,
189,辑蓖器,2019-08-14,29.5,0.2,3.6,1.3,28.5,95,39,
189,辑蓖器,2019-08-15,28.5,,4.2,1.8,26.2,88,34.1,
189,辑蓖器,2019-08-16,27.1,,3.9,2.1,24.7,88,31.1,
189,辑蓖器,2019-08-17,26.8,,4,1.9,25,91,32,
189,辑蓖器,2019-08-18,26.8,,4.4,1.3,26.1,96,33.8,
189,辑蓖器,2019-08-19,27.3,,2.1,1,24.7,87,31.2,
189,辑蓖器,2019-08-20,27.4,,4.5,1.8,26.7,96,35.1,
189,辑蓖器,2019-08-21,26.7,26.8,5,1.4,26.5,99,34.6,
189,辑蓖器,2019-08-22,27.1,20.7,6.1,3,26.9,99,35.5,
189,辑蓖器,2019-08-23,27.3,,5.1,1.1,24.6,87,31,
189,辑蓖器,2019-08-24,25.9,,2.5,1,23.1,86,28.5,
189,辑蓖器,2019-08-25,24,3.7,3.5,1,22.9,94,28.1,
189,辑蓖器,2019-08-26,24.6,23.9,3.5,1.5,24.4,99,30.6,
189,辑蓖器,2019-08-27,26,71.9,5.3,2.7,25.8,99,33.2,
189,辑蓖器,2019-08-28,24.3,93.7,4.9,1.5,24.1,99,30.1,
189,辑蓖器,2019-08-29,22.2,46.7,2.7,1,22,99,26.5,
189,辑蓖器,2019-08-30,24.2,,2.3,1.2,21.6,86,25.9,
189,辑蓖器,2019-08-31,23.9,,2.6,1.3,19.6,78,23,
189,辑蓖器,2019-09-01,22.6,18.7,3.4,1.7,21.4,94,25.6,
189,辑蓖器,2019-09-02,25,14.6,4.2,1.7,24.8,99,31.4,
189,辑蓖器,2019-09-03,25.5,9.5,3,1.4,25.3,99,32.2,
189,辑蓖器,2019-09-04,25,28.9,2.9,1.1,24.8,99,31.2,
189,辑蓖器,2019-09-05,26.4,15.7,2.6,1.3,26.2,99,34,
189,辑蓖器,2019-09-06,26,54.1,5.9,3.4,25.8,99,33.3,
189,辑蓖器,2019-09-07,25.1,6.9,12.4,5.2,24.9,99,31.5,
189,辑蓖器,2019-09-08,24.2,29.5,3.2,1.4,24,99,29.9,
189,辑蓖器,2019-09-09,25.6,21.9,3.8,2.3,25.4,99,32.5,
189,辑蓖器,2019-09-10,26.4,,3,1.1,26.1,99,33.9,
189,辑蓖器,2019-09-11,27,,3.1,1.2,26.8,99,35.3,
189,辑蓖器,2019-09-12,24.5,,4.9,3,24.2,99,30.4,
189,辑蓖器,2019-09-13,24.2,,6,3.4,21.5,86,25.7,
189,辑蓖器,2019-09-14,24.9,,3.3,1.7,21.5,82,25.8,
189,辑蓖器,2019-09-15,25.1,,3.1,1.4,23.4,91,29,
189,辑蓖器,2019-09-16,24.8,,3.5,2.1,23.5,93,29,
189,辑蓖器,2019-09-17,23.7,,5.2,3,18.9,75,21.9,
189,辑蓖器,2019-09-18,24.5,,4.9,1.9,15.5,60,18.1,
189,辑蓖器,2019-09-19,23.2,,6.2,3.6,17.8,73,20.5,
189,辑蓖器,2019-09-20,22.7,0.7,5.8,3.8,19.2,82,22.3,
189,辑蓖器,2019-09-21,20.7,57.8,7.4,5.3,20.4,98,23.9,
189,辑蓖器,2019-09-22,21.4,78.9,10.7,5.7,20.5,95,24.1,
189,辑蓖器,2019-09-23,20.9,0.6,2.6,1.1,20.3,97,23.8,
189,辑蓖器,2019-09-24,20.8,,2.9,1.5,13.7,67,16.3,
189,辑蓖器,2019-09-25,21.7,,4.8,1.9,16.2,72,18.6,
189,辑蓖器,2019-09-26,23.9,0.1,4.1,2.4,22.9,95,28,
189,辑蓖器,2019-09-27,24.4,12.4,2.7,1.4,24.2,99,30.3,
189,辑蓖器,2019-09-28,25.5,,2.2,1,25.3,99,32.3,
189,辑蓖器,2019-09-29,24.4,38.3,2.5,0.8,24.2,99,30.3,
189,辑蓖器,2019-09-30,24.3,6.3,1.7,0.8,24,98,29.9,
189,辑蓖器,2019-10-01,23.4,35.4,5.3,2.8,23.2,99,28.5,
189,辑蓖器,2019-10-02,24,102.8,11.2,5.2,23.8,99,29.5,
189,辑蓖器,2019-10-03,24,0.1,4.6,2.5,21.3,86,25.4,
189,辑蓖器,2019-10-04,23.3,,2.2,1.1,21.7,92,26,
189,辑蓖器,2019-10-05,22.3,,3.3,1.2,20.6,91,24.3,
189,辑蓖器,2019-10-06,21.6,0.2,5.1,2.7,19.6,89,22.9,
189,辑蓖器,2019-10-07,21.5,9.1,4.6,1.7,20.1,92,23.6,
189,辑蓖器,2019-10-08,20.8,,3.2,1.4,14.2,67,16.4,
189,辑蓖器,2019-10-09,18.8,,2.8,1.5,6.7,46,10.2,
189,辑蓖器,2019-10-10,18.9,,2.2,1.4,10.8,61,13.6,
189,辑蓖器,2019-10-11,21.6,,3.7,1.9,13.1,60,15.3,
189,辑蓖器,2019-10-12,21.8,,5.3,2.6,13.7,61,15.8,
189,辑蓖器,2019-10-13,19.7,,5.6,3.2,14.2,71,16.2,
189,辑蓖器,2019-10-14,19.7,,3.9,1.6,15.1,76,17.2,
189,辑蓖器,2019-10-15,18.8,,4.9,2.3,15,79,17,
189,辑蓖器,2019-10-16,18.2,,4.9,2.3,11.6,67,13.7,
189,辑蓖器,2019-10-17,19.3,,4.1,2.3,14.2,73,16.4,
189,辑蓖器,2019-10-18,19.2,2.6,4.4,2.2,18.9,98,21.9,
189,辑蓖器,2019-10-19,20.3,,3.4,1.6,17.8,86,20.4,
189,辑蓖器,2019-10-20,20,,4.4,1.9,13.9,69,16,
189,辑蓖器,2019-10-21,19.8,,5.1,2.5,13.9,69,15.9,
189,辑蓖器,2019-10-22,20.4,,3.6,2.1,16.4,79,18.7,
189,辑蓖器,2019-10-23,20.4,,5.8,3.3,18.4,88,21.1,
189,辑蓖器,2019-10-24,20.1,0.4,4.7,2.1,16.9,83,19.2,
189,辑蓖器,2019-10-25,20.2,,3.1,1.4,15.9,77,18,
189,辑蓖器,2019-10-26,18.2,,2.3,1.2,14.4,79,16.4,
189,辑蓖器,2019-10-27,16.7,,3.7,1.6,12.6,78,14.6,
189,辑蓖器,2019-10-28,16.8,,2.3,1.1,12.7,78,14.8,
189,辑蓖器,2019-10-29,17.7,,4.6,1.5,10.3,64,12.7,
189,辑蓖器,2019-10-30,16.6,,2.5,1.4,11.5,73,13.6,
189,辑蓖器,2019-10-31,17.2,,2.3,1.3,12.3,75,14.4,
189,辑蓖器,2019-11-01,18.6,,2.8,1.5,11.8,66,13.9,
189,辑蓖器,2019-11-02,19.2,,2.4,1.6,14.6,75,16.6,
189,辑蓖器,2019-11-03,18.6,,2,1.1,16.1,86,18.3,
189,辑蓖器,2019-11-04,17.4,0.3,3.3,1.9,14.3,82,16.3,
189,辑蓖器,2019-11-05,17.4,,3.1,1.6,13.3,78,15.3,
189,辑蓖器,2019-11-06,17,,3.2,1.6,10.6,68,12.8,
189,辑蓖器,2019-11-07,16.9,,3.9,1.5,9.2,61,11.7,
189,辑蓖器,2019-11-08,15.4,,2.9,1.5,10.8,75,13,
189,辑蓖器,2019-11-09,15.5,,2.4,1.3,9.8,70,12.2,
189,辑蓖器,2019-11-10,16.3,2.6,5.9,2.3,11.3,73,13.5,
189,辑蓖器,2019-11-11,16.2,,3.9,2.1,9.5,65,11.9,
189,辑蓖器,2019-11-12,15.6,,3.3,1.3,11,75,13.2,
189,辑蓖器,2019-11-13,15.8,,3,1.6,11.4,77,13.7,
189,辑蓖器,2019-11-14,12.3,,4.1,1.9,3.2,54,7.7,
189,辑蓖器,2019-11-15,12.5,,2.7,1.3,4.2,58,8.5,
189,辑蓖器,2019-11-16,17.1,,2.8,1.1,13.5,80,15.6,
189,辑蓖器,2019-11-17,21,0.5,5.4,3,18.9,89,22,
189,辑蓖器,2019-11-18,15.6,9.9,7.9,2.3,10.4,72,13.2,
189,辑蓖器,2019-11-19,10.5,,4.1,2.2,3.2,61,7.7,
189,辑蓖器,2019-11-20,10.4,,3.1,1.5,2.5,59,7.4,
189,辑蓖器,2019-11-21,13.6,,4.8,2.8,7.4,67,10.7,
189,辑蓖器,2019-11-22,17.6,,3.4,2.2,14.7,84,16.7,
189,辑蓖器,2019-11-23,18.4,,4.9,2.5,16.5,90,18.9,
189,辑蓖器,2019-11-24,19.1,9.3,2.7,1.2,18.9,99,22,
189,辑蓖器,2019-11-25,13.9,,3.1,1.3,11.8,87,14.1,
189,辑蓖器,2019-11-26,14.3,,4.9,2.8,11.7,85,13.8,
189,辑蓖器,2019-11-27,13.3,8.6,4.1,1.4,12.3,94,14.3,
189,辑蓖器,2019-11-28,12.4,,3,1.4,8.5,80,11.3,
189,辑蓖器,2019-11-29,11.6,,3.3,1.7,6.3,71,9.6,
189,辑蓖器,2019-11-30,13.5,0.1,2.5,1.2,6.8,65,10,
189,辑蓖器,2019-12-01,14.3,16.8,3.2,1.2,13.9,98,15.9,
189,辑蓖器,2019-12-02,10.3,,4.5,1.7,3.7,65,8.2,
189,辑蓖器,2019-12-03,8.6,,3.2,1.3,1.4,61,6.8,
189,辑蓖器,2019-12-04,10.5,,3,1.2,2.1,57,7.1,
189,辑蓖器,2019-12-05,8.6,,3.4,1.4,0.8,59,6.5,
189,辑蓖器,2019-12-06,7,,3.7,1.4,-0.1,61,6.1,
189,辑蓖器,2019-12-07,7.5,,4.2,1.7,1.5,67,6.9,
189,辑蓖器,2019-12-08,9.5,,3,1.3,4.2,70,8.3,
189,辑蓖器,2019-12-09,10.6,,3.4,1.4,5.2,70,8.9,
189,辑蓖器,2019-12-10,13.8,,3.3,1.1,8.8,73,11.4,
189,辑蓖器,2019-12-11,13.3,,4.2,1.6,7.6,69,10.7,
189,辑蓖器,2019-12-12,9.4,,4.2,1.6,3,65,7.6,
189,辑蓖器,2019-12-13,11.2,,2.1,0.9,7.1,76,10.1,
189,辑蓖器,2019-12-14,12.3,,4.9,1.6,4.6,60,8.6,
189,辑蓖器,2019-12-15,13.5,0.2,2.8,1.6,8.5,73,11.3,
189,辑蓖器,2019-12-16,14.5,1.7,3.1,1.5,10.9,80,13.1,
189,辑蓖器,2019-12-17,16.2,9.8,4.2,1.7,15.7,98,17.9,
189,辑蓖器,2019-12-18,12.1,,2.8,1.1,8.7,81,11.3,
189,辑蓖器,2019-12-19,10.9,,2.8,1,6,72,9.4,
189,辑蓖器,2019-12-20,8.9,,3.3,1.1,3.5,70,7.9,
189,辑蓖器,2019-12-21,9.3,,3.6,1.8,2.6,65,7.5,
189,辑蓖器,2019-12-22,9.5,3.1,4.3,2.3,7,86,10.1,
189,辑蓖器,2019-12-23,10.8,,3.3,1.2,5.5,71,9,
189,辑蓖器,2019-12-24,10.5,,2.3,1.2,7.1,81,10.2,
189,辑蓖器,2019-12-25,12.8,,4.2,2.1,9.7,82,12.1,
189,辑蓖器,2019-12-26,11.2,19,5.3,2,8.9,87,12,
189,辑蓖器,2019-12-27,6.5,,4.5,1.6,-0.6,61,5.9,
189,辑蓖器,2019-12-28,7.5,,2.4,1.2,2,69,7.1,
189,辑蓖器,2019-12-29,12.8,34.3,7.4,2.4,11,89,13.4,
189,辑蓖器,2019-12-30,13.1,,3.3,1,11.5,91,13.7,
189,辑蓖器,2019-12-31,5.3,,4.2,1.6,-0.2,68,6.1,
